q1answer,q2answer,q3answer,q4answer,q5answer,q6answer,group_id,q1confidence,q2confidence,q3confidence,q4confidence,q5confidence,q6confidence,participant_id,q1wordsTotal,q2wordsTotal,q3wordsTotal,q4wordsTotal,q5wordsTotal,q6wordsTotal,q1interventionsTotal,q2interventionsTotal,q3interventionsTotal,q4interventionsTotal,q5interventionsTotal,q6interventionsTotal,q1wordLengthMean,q2wordLengthMean,q3wordLengthMean,q4wordLengthMean,q5wordLengthMean,q6wordLengthMean
10,0,8,4,5,0,62,4,5,4,3,3,5,190,131,149,183,,130,,20,19,23,,17,,4.496183206,4.418918919,4.158469945,,4.207692308,
10,0,8,0,8,5,62,4,3,4,5,4,4,191,88,53,132,,105,,11,7,16,,6,,4.402298851,4.442307692,3.961832061,,4.40952381,
7,0,8,3,7,0,62,3,5,4,4,3,5,192,67,118,127,,114,,6,12,14,,8,,4.417910448,4.136752137,4.094488189,,4.336363636,
4,5,8,3,4,0,76,3,4,4,4,4,5,214,73,30,159,,46,,8,6,12,,8,,3.808219178,4.066666667,3.949685535,,4.391304348,
6,3,7,7,5,5,76,3,5,4,3,3,3,204,22,38,44,,27,,4,7,4,,6,,4.473684211,4.181818182,3.825,,4.52,
8,5,8,6,5,0,77,5,4,4,4,4,1,220,36,,,34,26,39,11,,,10,6,5,4.555555556,,,3.823529412,3.961538462,3.868421053
10,0,8,5,7,0,77,5,5,4,4,4,5,222,66,,,53,116,13,7,,,8,10,4,4.215384615,,,4.215686275,3.921052632,4.416666667
7,10,7,6,6,0,77,2,2,3,2,3,4,217,36,,,32,33,36,6,,,7,6,4,4.75,,,4.433333333,4.060606061,4.472222222
5,0,2,3,8,0,78,5,5,5,5,5,5,225,,71,,64,57,27,,9,,6,7,4,,4.464788732,,4.890625,4.754385965,4.666666667
2,0,10,1,0,0,78,4,4,5,4,4,5,234,,74,,23,98,39,,11,,4,10,6,,4.279411765,,3.5,4.166666667,4.857142857
8,0,7,5,2,0,78,3,4,3,4,4,5,231,,36,,51,61,12,,8,,7,7,4,,4.25,,4.235294118,4.524590164,4.416666667
3,5,8,1,6,0,79,3,4,3,3,3,5,268,,90,22,118,136,,,11,5,16,23,,,4.066666667,3.954545455,4.034782609,4.422222222,
5,5,7,5,7,4,79,3,2,4,4,5,3,258,,64,42,88,69,,,8,5,9,13,,,4.322033898,4.263157895,4.329268293,3.967213115,
8,3,8,6,8,0,79,5,5,5,4,5,5,261,,85,79,129,126,,,11,10,13,19,,,4.6,4.202531646,3.9453125,4.404761905,
10,10,10,0,10,0,81,5,5,5,5,5,5,269,37,,49,,102,106,11,,13,,18,26,3.72972973,,3.816326531,,4.323529412,3.660377358
10,8,10,0,7,0,81,5,3,5,5,3,1,270,9,,21,,74,55,6,,5,,11,13,5,,4.476190476,,4.575342466,4.036363636
10,10,10,5,3,0,81,5,5,5,3,2,3,257,41,,34,,44,64,6,,3,,3,9,5.25,,4.205882353,,4.227272727,4.317460317
6,6,10,0,10,0,82,3,3,5,4,4,5,271,58,,13,49,28,,7,,5,4,5,,4.49122807,,2.916666667,4.127659574,3.92,
9,7,9,8,9,4,82,4,3,4,4,5,5,277,35,,37,8,7,,6,,4,1,2,,4.485714286,,4.27027027,3.5,2.714285714,
8,1,10,5,10,0,82,4,2,5,3,5,1,274,88,,43,32,47,,14,,7,3,8,,4.534090909,,4.395348837,4.53125,3.936170213,
4,5,5,5,8,6,83,3,3,4,4,4,3,292,85,,116,93,47,,5,,5,7,2,,4.752941176,,4.146551724,4.440860215,4.595744681,
10,7,5,0,10,5,83,5,4,3,1,5,3,280,97,,32,46,21,,4,,5,3,3,,4.484536082,,5,3.931818182,5.380952381,
0,3,4,8,7,3,83,4,4,3,3,3,4,286,57,,31,69,27,,5,,5,6,4,,4.421052632,,3.806451613,4.544117647,4.653846154,
7,8,7,1,7,0,84,4,4,4,5,4,5,301,37,51,26,,59,,5,5,6,,8,,4.081081081,4.62,3.72,,4.275862069,
5,8,10,0,7,7,84,4,4,5,3,3,3,295,56,65,21,,80,,8,9,5,,13,,4.25,4.215384615,2.857142857,,4.45,
10,7,10,0,8,3,84,5,4,5,5,3,5,304,88,73,27,,87,,6,6,7,,6,,4.465909091,4.315068493,4.259259259,,4.275862069,
4,6,7,0,6,0,85,3,4,4,5,4,5,313,131,,29,,110,27,8,,10,,9,4,4.496,,4.52,,4.682692308,5.166666667
5,7,8,0,8,1,85,3,5,4,5,4,5,310,55,,38,,34,31,7,,8,,6,6,4.888888889,,4.447368421,,4.382352941,4.903225806
7,10,7,8,7,2,85,3,4,3,3,3,3,307,42,,29,,54,10,6,,6,,8,2,4.853658537,,3.689655172,,4.055555556,5.111111111
1,3,6,7,6,10,92,4,4,3,3,4,4,350,20,,63,,34,102,7,,12,,12,20,4.15,,3.571428571,,4.088235294,4.539215686
2,5,9,5,9,0,92,4,4,4,3,5,5,356,32,,35,,75,108,8,,9,,19,26,3.875,,4.8,,4.36,4.186915888
2,1,4,0,3,0,92,5,5,4,5,4,5,353,47,,67,,112,133,10,,12,,22,28,4.326086957,,4.112903226,,4.6,4.088709677
0,9,2,0,0,0,93,5,4,3,5,5,5,371,33,,,3,32,,4,,,2,5,,4.833333333,,,3.666666667,4.15625,
0,10,10,0,2,2,93,5,5,5,5,4,3,368,32,,34,17,8,,6,,3,3,4,,4.15625,,4.242424242,3.875,4.125,
7,5,8,0,10,7,94,4,4,4,5,5,5,392,39,,25,50,,53,6,,5,3,,7,4.717948718,,3.92,3.58,,4.264150943
7,8,9,7,8,1,94,3,3,4,4,4,4,389,29,,15,34,,28,7,,5,4,,5,3.75862069,,4.066666667,5.029411765,,3.928571429
8,6,8,7,6,0,94,4,3,4,4,2,2,395,32,,9,25,,16,6,,3,4,,5,4.2,,3.444444444,4.5,,4.9375
3,1,10,0,10,0,96,4,4,4,4,4,5,338,38,,83,32,,27,2,,7,6,,6,4.736842105,,4.445783133,5.40625,,5.148148148
7,0,10,2,7,0,96,4,5,5,4,4,5,347,136,,80,48,,48,9,,8,8,,8,4.713235294,,4.696202532,5.020833333,,5.458333333
0,8,0,0,5,0,96,5,3,5,5,3,5,377,67,,106,2,,11,9,,14,2,,3,4.731343284,,4.264150943,2,,4.090909091
9,10,10,0,10,0,108,3,5,4,5,5,4,447,105,141,,,23,24,12,12,,,6,8,4.657142857,4.212765957,,,3.695652174,5.291666667
6,5,6,10,9,0,108,3,4,3,4,4,5,444,74,49,,,11,46,11,7,,,3,8,4.337837838,4.102040816,,,4.272727273,4.434782609
7,5,0,7,10,0,108,3,5,4,4,5,5,420,28,69,,,21,40,8,15,,,7,11,3.296296296,4,,,3.1,4.2
7,9,8,7,8,0,109,3,4,4,4,4,5,462,16,,41,,11,17,3,,7,,2,5,4.25,,3.609756098,,3.363636364,4.411764706
5,0,9,1,6,0,109,3,4,4,4,3,5,408,45,,48,,20,34,7,,8,,2,6,4.534883721,,4,,4.157894737,4.363636364
6,3,9,10,8,9,109,4,4,4,5,4,4,465,13,,55,,21,17,5,,8,,4,6,3.923076923,,3.833333333,,4.052631579,4.117647059
8,4,8,2,2,0,110,4,2,4,4,4,4,417,255,,219,210,152,,39,,26,33,22,,4.316742081,,4.217171717,4.073684211,4.28057554,
2,5,6,5,2,0,110,3,4,3,4,4,5,426,86,,66,69,66,,7,,6,9,6,,4.790697674,,4.242424242,4.130434783,4.393939394,
10,10,10,0,10,10,110,5,5,5,5,5,5,423,44,,27,40,28,,7,,6,9,6,,4.409090909,,4.37037037,5.051282051,4.321428571,
10,5,8,7,2,0,111,5,3,3,5,5,5,429,73,,48,63,94,,9,,5,8,9,,4.589041096,,4.145833333,5.46031746,4.329787234,
8,0,8,5,5,0,111,4,5,4,3,3,5,471,85,,63,146,53,,13,,10,15,11,,4.674698795,,4.53968254,4.280821918,4.452830189,
1,2,9,1,6,0,116,4,4,5,3,3,4,512,25,32,,,38,97,4,5,,,8,12,4.64,4.625,,,5.026315789,4.595744681
1,1,1,0,7,0,116,4,5,3,5,5,5,509,31,105,,,75,59,7,13,,,13,10,4.064516129,4.152380952,,,3.906666667,3.982758621
1,0,7,0,8,0,116,2,3,4,5,4,5,515,104,113,,,68,84,14,20,,,18,17,4.403846154,4.324324324,,,5.151515152,3.976190476
8,7,8,0,8,0,117,4,3,4,5,4,5,487,120,126,88,87,,,10,16,10,11,,,4.153846154,4.176470588,4.341176471,4.476744186,,
2,7,4,1,2,0,117,4,4,3,5,3,5,503,80,65,27,29,,,8,7,5,4,,,4.219178082,4.433333333,3.833333333,3.384615385,,
2,7,4,0,2,0,117,5,5,4,5,5,5,506,20,44,62,35,,,2,6,6,5,,,4.263157895,4.372093023,4.548387097,4.457142857,,
5,4,3,6,6,3,121,3,4,4,4,4,4,537,,,74,95,91,55,,,13,16,23,15,,,4.324324324,3.85106383,4.252747253,4.454545455
0,6,5,5,6,4,121,5,4,4,4,4,4,535,,,60,129,88,86,,,11,12,14,9,,,4.649122807,4.642276423,4,4.3375
9,3,4,7,5,4,121,5,3,3,4,3,3,536,,,77,122,113,84,,,6,12,16,9,,,4.631578947,4.79338843,4.243243243,4.879518072
10,3,10,10,5,2,122,5,4,5,5,4,4,532,142,74,123,,,103,7,12,6,,,7,4.549295775,4.135135135,4.308943089,,,4.174757282
7,2,7,7,8,2,122,4,4,3,2,4,4,538,51,87,32,,,83,12,13,7,,,14,4.352941176,3.83908046,4.125,,,3.951807229
7,3,7,3,6,2,122,4,4,3,3,3,4,539,36,65,72,,,44,5,10,6,,,7,4.666666667,4.261538462,4.222222222,,,4.886363636
3,3,7,5,9,6,123,4,4,4,4,4,3,543,31,34,,27,36,,3,5,,4,6,,4.133333333,5,,4.68,4.117647059,
4,8,8,2,7,3,123,3,3,4,3,3,3,541,42,53,,16,39,,6,11,,5,6,,4.641025641,4.04,,4.5,4.394736842,
3,2,4,5,10,9,123,5,3,4,5,5,5,540,65,91,,59,61,,7,10,,6,6,,4.246153846,4.688888889,,3.881355932,4.1,
9,3,9,8,2,10,124,5,2,4,2,2,1,576,24,58,91,,108,,11,15,21,,21,,4.291666667,4.879310345,4.32967033,,4.351851852,
10,5,7,0,5,0,124,5,3,4,5,3,5,579,11,,106,,30,,2,,11,,2,,3.727272727,,4.20952381,,3.766666667,
10,4,8,9,5,1,128,5,3,4,4,3,4,584,91,,,127,31,18,13,,,8,5,4,4.288888889,,,5.275590551,4.366666667,4
10,7,8,6,5,0,128,5,4,2,3,3,1,588,80,,,103,23,39,13,,,12,3,8,4.275362319,,,3.978947368,3.5,3.588235294
8,0,6,0,5,0,128,4,5,4,5,4,5,585,61,,,74,52,13,7,,,10,8,4,4.114754098,,,4.315068493,4.215686275,3.769230769
8,7,9,1,4,2,131,4,5,3,4,5,5,644,,50,,76,89,68,,7,,6,10,11,,3.9,,4.526315789,4.168539326,4.279411765
10,6,10,2,6,7,131,5,3,5,2,3,3,632,,44,,61,58,38,,12,,11,16,12,,4.590909091,,4.416666667,3.620689655,4.5
10,8,10,9,10,0,131,5,4,5,5,4,3,635,,52,,78,133,78,,9,,9,18,12,,4.115384615,,4.423076923,4.37593985,4.525641026
10,9,7,0,7,1,133,5,4,4,5,3,3,686,43,46,,,49,63,9,10,,,9,9,4.23255814,3.804347826,,,3.836734694,4.53968254
7,7,9,0,9,3,133,4,5,5,1,5,5,689,71,45,,,114,86,11,7,,,12,8,4.275362319,3.772727273,,,3.831858407,3.895348837
9,10,7,5,5,0,133,4,4,3,3,3,4,683,58,61,,,58,57,13,14,,,14,17,4.263157895,4.220338983,,,4,4.157894737
10,3,8,7,5,3,139,5,4,3,3,3,4,702,167,78,,145,,87,13,19,,17,,18,4.28313253,3.973684211,,4.606896552,,4.23255814
10,5,8,3,8,5,139,5,3,4,4,5,3,708,78,43,,93,,77,9,11,,12,,15,4.324324324,4.441860465,,4.510869565,,4.783783784
0,7,10,0,5,0,140,4,4,5,5,3,5,714,121,,17,37,,65,10,,4,2,,9,4.445378151,,4.352941176,4.324324324,,4.140625
3,8,10,9,5,0,140,4,4,5,4,2,1,717,75,,73,111,,60,13,,7,11,,12,4.144927536,,4.388059701,4.637254902,,4.358490566
5,0,8,0,6,0,140,3,5,4,5,4,5,723,111,,66,91,,48,9,,5,7,,7,4.342342342,,4.151515152,3.967032967,,3.914893617
8,9,5,4,9,0,141,4,4,4,5,5,4,735,32,,105,58,,21,3,,11,5,,7,3.96875,,3.951923077,3.965517241,,4.571428571
7,6,5,4,5,0,141,3,3,4,4,4,4,729,3,,41,31,,14,2,,5,5,,5,4.333333333,,4.12195122,4.451612903,,3.357142857
3,5,8,8,10,0,151,3,2,4,4,5,5,830,,30,55,,56,66,,4,3,,9,6,,4.1,4.563636364,,5.160714286,4.181818182
7,7,6,0,10,10,151,3,3,3,4,5,5,825,,55,135,,106,137,,5,10,,18,13,,4.264150943,4.178294574,,5.132653061,4.786259542
5,1,5,10,10,9,152,2,4,1,5,5,4,760,101,103,,94,,140,11,16,,19,,17,4.554455446,4.194174757,,4.957446809,,4.264285714
7,0,7,10,9,2,152,3,4,4,4,4,3,757,107,57,,10,,40,11,10,,4,,6,4.598130841,4.771929825,,3.6,,4.075
2,1,10,9,1,0,152,3,4,4,4,4,4,763,130,68,,52,,99,15,15,,10,,12,4.25862069,4.314814815,,5.363636364,,4.613636364
6,5,9,0,4,0,153,4,4,5,3,4,5,772,106,,,69,66,61,15,,,12,13,14,4.326923077,,,4.569230769,4.507936508,4.25
5,0,10,0,10,0,153,3,5,5,5,5,5,817,37,,,55,59,51,12,,,10,15,8,4.583333333,,,4.537037037,4.724137931,4.254901961
6,8,10,7,8,0,153,3,4,3,4,4,5,781,90,,,115,79,87,23,,,28,23,28,4.079545455,,,4.313043478,3.734177215,4.114942529
0,0,0,10,3,0,154,5,4,5,5,3,3,787,110,,66,,83,98,17,,12,,16,20,4.5,,4.983333333,,3.918918919,4.416666667
7,7,6,8,3,0,154,3,3,3,4,3,4,796,95,,102,,126,74,15,,13,,19,14,4.2,,4.039215686,,4.056451613,4.506849315
6,9,8,0,7,0,154,3,4,4,5,4,5,790,92,,62,,125,69,13,,8,,18,13,3.934065934,,4.491803279,,4.2,4.117647059
0,10,0,10,0,0,155,5,5,5,5,5,5,811,73,,,60,53,35,11,,,10,11,7,5.082191781,,,5.06779661,5.094339623,4.823529412
6,9,7,2,1,1,155,3,5,4,5,5,5,832,48,,,38,50,20,5,,,6,8,5,4.319148936,,,4.131578947,4.979591837,4
3,7,5,4,7,0,159,3,4,3,4,3,4,834,60,,6,57,,24,7,,2,5,,6,4.35,,2.333333333,4.228070175,,3.833333333
9,10,9,1,10,0,159,5,5,5,5,5,3,855,101,,55,59,,35,7,,9,6,,6,4.445544554,,4.418181818,5.152542373,,4.771428571
5,6,7,7,8,0,159,4,3,3,4,4,4,852,102,,33,95,,22,10,,6,4,,6,4.239583333,,4.266666667,4.516853933,,4.5
5,5,5,0,0,0,160,5,5,5,5,5,5,870,,,62,42,57,20,,,7,4,5,6,,,3.967213115,4.714285714,4.5,4
1,7,6,4,4,0,160,3,4,4,3,3,4,873,,,64,57,35,67,,,6,7,4,6,,,3.857142857,4.696428571,4.085714286,4.272727273
0,4,2,4,4,0,160,5,3,3,4,3,5,882,,,24,60,55,19,,,4,8,6,6,,,3.708333333,4.050847458,4.309090909,5
7,6,10,5,9,10,171,4,4,5,3,4,5,976,84,119,161,,105,,9,12,14,,10,,4.69047619,4.596638655,4.664596273,,5.028571429,
8,10,10,0,5,0,171,4,5,5,5,3,5,974,32,141,87,,48,,9,13,7,,5,,4.72,4.080882353,4.070588235,,4.02173913,
7,1,3,5,5,0,171,3,3,1,3,3,4,980,103,91,88,,71,,16,15,10,,10,,4.825242718,4.450549451,4.367816092,,4.563380282,
4,5,5,0,5,5,172,4,3,4,5,4,2,991,94,,36,54,63,,26,,14,20,21,,4.35106383,,4.657142857,3.777777778,4.317460317,
5,10,8,0,9,5,172,4,5,4,5,5,3,987,95,,60,44,62,,23,,14,12,18,,4.784090909,,4.172413793,4.279069767,4.583333333,
5,1,4,0,5,0,172,4,3,3,5,3,5,986,83,,60,56,53,,21,,9,12,11,,4.37804878,,4,4.181818182,4.79245283,
2,5,5,0,7,3,173,3,4,4,5,4,3,994,33,34,34,,,30,10,10,8,,,7,4.242424242,4.705882353,3.970588235,,,3.931034483
3,5,4,0,2,1,173,3,5,3,5,4,4,993,44,10,22,,,48,12,4,7,,,14,4.348837209,4.3,3.952380952,,,4.063829787
6,4,6,5,7,0,174,4,4,4,3,4,5,995,,,161,199,109,94,,,21,23,19,17,,,4.161490683,4.186868687,4.212962963,4.387096774
0,1,5,5,3,0,174,5,4,4,5,3,5,1000,,,82,57,46,53,,,7,6,10,10,,,3.901234568,4.105263158,4.239130435,4.769230769
5,5,10,0,7,0,174,3,3,5,5,5,5,988,,,93,69,81,69,,,9,8,10,9,,,4.344086022,3.942028986,4.592592593,4.376811594
2,1,2,8,8,6,175,5,5,3,5,4,3,975,,90,,94,40,104,,9,,11,8,12,,4.311111111,,4.204301075,4.6,4.59223301
8,3,10,0,10,9,175,5,4,5,5,5,5,978,,48,,44,22,27,,7,,8,5,4,,3.488888889,,3.605263158,4.842105263,3.692307692
5,5,10,2,5,0,176,3,4,4,2,3,5,972,,97,24,,77,10,,11,3,,6,4,,4.484536082,4.666666667,,4.38961039,4.5
3,9,7,0,9,0,176,3,5,4,5,4,5,998,,91,14,,61,5,,15,4,,12,3,,4.295454545,4.083333333,,3.898305085,3.6
1,5,8,0,5,0,176,3,4,3,5,3,5,997,,112,14,,14,15,,17,3,,3,5,,4.037037037,4.666666667,,3.846153846,3.714285714
3,10,10,0,7,0,177,2,5,5,5,4,5,1012,30,,19,60,,15,5,,6,10,,6,4.466666667,,3.368421053,4.237288136,,4.2
5,5,10,3,7,0,177,3,3,5,3,3,4,1005,11,,19,16,,4,4,,3,2,,2,3.888888889,,3.823529412,3.5,,3
2,9,10,2,2,4,177,3,4,4,4,2,3,1013,27,,10,75,,24,9,,4,13,,7,3.576923077,,3.6,4.56,,4.291666667
2,7,10,1,6,0,178,4,3,5,4,4,5,1024,163,,,92,126,119,13,,,15,19,17,4.079754601,,,4.25,4.376,4.100840336
0,2,0,4,2,0,178,4,4,4,3,4,5,1021,74,,,82,95,142,8,,,10,6,13,5.054054054,,,5,4.191489362,3.723404255
4,0,8,0,6,0,178,2,5,4,4,4,5,1017,68,,,89,54,121,11,,,13,8,24,4.540983607,,,4.088607595,4.583333333,4.485148515
10,10,9,0,10,0,179,5,4,3,5,5,5,1025,,56,63,35,46,,,9,8,6,7,,,3.732142857,3.793650794,3.882352941,4.644444444,
0,7,3,3,9,1,179,5,4,4,4,4,4,1031,,21,42,16,85,,,7,8,4,7,,,4.047619048,4.073170732,3.333333333,4.404761905,
1,5,3,0,9,1,179,5,5,5,5,5,5,1034,,56,46,46,59,,,12,6,5,5,,,4.107142857,4.434782609,4.173913043,4.440677966,
7,0,8,0,10,0,180,4,1,4,1,5,1,1020,,69,37,60,75,,,12,7,11,11,,,4.492307692,4.264705882,4.767857143,4.555555556,
2,6,9,2,0,0,180,3,3,4,4,5,5,1022,,72,17,25,82,,,8,5,5,10,,,3.985915493,4.125,3.76,4.65,
0,4,8,0,8,4,180,4,4,4,4,4,4,1030,,26,42,45,55,,,3,4,6,5,,,4.32,3.857142857,4.295454545,4.296296296,
8,5,10,3,0,0,181,3,4,4,4,5,5,1011,,,86,76,44,61,,,11,13,6,11,,,4.223529412,4.96,4.931818182,4.459016393
8,9,6,0,10,8,181,3,4,4,5,5,4,1027,,,98,45,93,75,,,19,13,20,16,,,4.459183673,4.444444444,4.141304348,4.813333333
6,0,8,0,6,0,181,3,5,4,5,3,5,1023,,,36,32,54,55,,,10,7,11,11,,,3.685714286,4.483870968,3.603773585,4.454545455
7,9,10,9,0,0,186,3,4,5,5,5,5,1071,19,,6,67,22,,4,,3,11,4,,4.842105263,,3,4.742424242,3.681818182,
4,4,10,7,6,0,186,3,3,5,3,3,2,1074,47,,60,64,28,,6,,7,9,3,,4.238095238,,4.357142857,4.210526316,5.25,
7,5,9,7,0,0,186,4,3,5,3,5,5,1070,134,,30,104,46,,19,,6,14,8,,4.443609023,,4.466666667,4.475728155,5.065217391,
5,8,10,0,10,0,187,3,5,5,5,3,5,1075,68,45,,83,,34,10,6,,12,,8,4.352941176,3.4,,4.843373494,,4.294117647
5,0,6,9,5,0,187,3,5,4,5,4,5,1077,80,27,,38,,42,9,7,,5,,9,4.1125,3.777777778,,4.918918919,,4.179487179
10,0,10,0,10,0,187,4,4,5,5,4,3,1076,101,92,,79,,82,11,10,,8,,7,4.316831683,4.402173913,,4.367088608,,4.048780488
7,0,5,0,5,0,188,5,5,5,5,3,5,1082,35,,57,41,,60,10,,11,9,,17,4.828571429,,3.912280702,4.902439024,,4.465517241
,,,,8,0,188,,,,,5,5,1078,91,,94,24,,52,13,,11,6,,11,4.02247191,,4.224719101,3.875,,3.595744681
0,3,0,7,7,0,189,5,4,5,5,4,4,1089,,64,,185,45,48,,11,,12,8,8,,4.55,,4.654054054,4.181818182,4.229166667
5,5,8,0,7,0,189,2,4,4,1,4,4,1087,,46,,70,14,24,,8,,11,5,7,,4.466666667,,4.4,3.642857143,5.333333333
0,5,8,0,8,1,189,3,5,4,4,4,5,1086,,41,,61,17,85,,6,,6,6,12,,3.575,,3.866666667,3.571428571,4.228915663
0,0,10,0,7,4,191,5,5,5,5,5,2,1096,56,,4,19,,81,8,,2,3,,16,4.345454545,,2.75,4.578947368,,4.6
0,9,9,0,2,0,191,5,5,4,4,4,4,1097,16,,5,10,,63,6,,2,3,,11,3,,3.4,3.7,,3.968253968
2,8,10,0,8,2,191,4,4,4,5,5,5,1095,18,,10,8,,26,6,,3,3,,7,3,,3.3,3.75,,3.846153846
1,9,7,3,8,1,192,4,5,4,3,4,5,1101,,,91,135,163,96,,,15,26,25,10,,,4.077777778,4.082089552,4.106918239,4.595744681
3,6,6,9,7,1,192,3,4,3,4,4,5,1100,,,166,118,130,66,,,30,26,35,12,,,4.246987952,4.677966102,4.317829457,4.738461538
10,7,10,4,8,0,192,5,3,5,4,5,5,1099,,,24,58,39,21,,,5,10,8,5,,,4.708333333,4.344827586,4.58974359,3.523809524
0,3,8,0,5,0,193,5,3,3,5,3,5,1104,,,51,41,121,84,,,9,5,22,15,,,4.764705882,4.292682927,4.75,4.464285714
10,5,10,0,8,0,193,5,5,5,5,5,5,1105,,,107,76,108,75,,,17,14,13,14,,,4.065420561,4.171052632,4.509259259,4.28
10,10,10,0,0,0,193,3,4,3,5,3,5,1110,,,58,42,134,85,,,4,10,13,13,,,4.172413793,4.292682927,4.604477612,4.223529412
8,3,2,0,7,0,201,2,5,2,5,3,5,1242,,46,115,38,55,,,2,7,5,9,,,4.644444444,4.640350877,4.026315789,4.166666667,
0,3,5,0,7,3,201,5,4,4,4,3,3,1260,,11,53,50,14,,,2,5,4,5,,,3.545454545,4.603773585,4.166666667,3.857142857,
3,3,7,0,5,0,201,4,4,4,5,4,5,1156,,65,71,51,52,,,7,9,10,11,,,4.383333333,4.582089552,4.06122449,4.612244898,
1,9,1,0,5,2,202,4,4,4,5,5,2,1287,96,38,,,49,82,6,7,,,6,9,4.510416667,4.078947368,,,4.428571429,3.890243902
10,9,10,0,5,0,202,5,4,5,5,3,5,1289,66,42,,,75,39,4,7,,,6,4,4.984848485,3.975609756,,,5.12,4.923076923
6,7,7,0,6,4,202,3,4,4,5,3,4,1288,52,50,,,17,34,6,9,,,5,4,4.0625,3.666666667,,,3.714285714,4.25
0,6,10,3,4,0,203,5,5,5,4,4,5,1298,,70,,103,103,29,,11,,22,17,7,,4.072463768,,4.18627451,3.84,5.115384615
7,7,2,6,1,0,203,3,4,4,4,5,5,1299,,103,,118,102,55,,8,,11,12,8,,4.229166667,,4.416666667,4.12244898,4.647058824
7,0,7,9,5,0,203,3,4,3,3,4,5,1295,,83,,70,64,47,,14,,12,16,11,,3.985714286,,3.775862069,3.979591837,4.435897436
9,7,7,1,4,4,212,4,4,4,4,4,3,1373,,42,20,,55,41,,5,3,,5,8,,3.923076923,3.5,,3.8,3.970588235
7,9,10,1,10,0,212,4,5,5,4,4,5,1383,,16,7,,8,29,,3,2,,3,5,,3.6875,3.142857143,,3.25,3.892857143
5,9,9,8,9,0,212,3,5,4,4,4,5,1388,,30,3,,11,34,,6,2,,3,7,,3.730769231,2.333333333,,4.111111111,3.833333333
0,10,5,0,10,5,213,5,5,3,1,5,3,1394,24,,48,,23,21,5,,8,,3,4,4.217391304,,4.555555556,,4.590909091,4.4
5,4,10,0,6,2,213,4,3,5,4,3,4,1400,2,,4,,46,3,1,,2,,4,2,2.5,,4,,4.295454545,2.333333333
5,8,10,0,7,3,213,5,3,5,4,4,3,1391,96,,94,,95,53,12,,12,,10,10,4.644444444,,4.172413793,,4.113636364,4.446808511
8,7,9,6,10,3,214,4,3,4,5,5,4,1378,91,,76,,55,76,16,,16,,10,15,4.033333333,,4.36,,4.037037037,4.111111111
7,10,4,0,10,2,214,4,3,3,5,5,3,1405,91,,121,,80,108,14,,24,,17,21,4.450549451,,4.210084034,,4.518987342,4
8,8,9,3,10,3,214,5,5,5,5,5,4,1397,96,,123,,81,116,24,,23,,21,30,4.333333333,,3.975409836,,4.3375,3.936363636
5,8,9,1,3,0,216,4,4,4,4,4,5,1392,,83,84,35,,38,,9,16,6,,7,,3.987804878,4.585365854,4.852941176,,4.447368421
7,7,8,5,8,0,216,4,4,5,5,4,5,1380,,25,30,7,,9,,6,8,5,,4,,3.16,4.344827586,4.857142857,,4
9,5,5,0,4,0,216,3,5,2,5,3,5,1387,,35,66,24,,20,,10,10,9,,5,,3.5,4.451612903,4.391304348,,3.894736842
10,9,10,10,8,2,217,3,4,4,3,3,3,1423,57,98,,,106,60,17,20,,,19,12,3.696428571,4.521276596,,,4.25,4.169491525
7,9,7,0,2,2,217,4,5,3,4,5,5,1381,12,22,,,85,41,5,4,,,13,11,4.083333333,5.045454545,,,4.152941176,3.820512821
9,9,6,4,9,3,217,5,5,3,5,5,5,1412,74,111,,,104,92,18,12,,,10,11,4.135135135,4.36036036,,,3.798076923,4.119565217
5,2,7,5,5,1,218,3,2,3,3,4,4,1427,36,,,22,49,82,4,,,6,14,12,4.222222222,,,4.727272727,4.367346939,4.353658537
5,9,5,0,7,2,218,3,4,3,4,3,2,1429,141,,,90,62,91,12,,,7,8,10,4.34751773,,,4.322222222,4.322580645,4.351648352
0,4,4,0,3,4,219,5,3,3,5,3,3,1440,,,65,50,83,80,,,18,17,25,20,,,4.203125,4.4,4.609756098,3.974358974
0,0,3,10,5,0,219,4,5,5,5,3,4,1434,,,127,70,77,64,,,10,13,14,15,,,4.30952381,4.057142857,4.207792208,4.26984127
8,0,6,9,7,0,219,3,5,3,5,4,5,1436,,,94,60,123,115,,,10,10,12,16,,,4.161290323,4.1,4.479674797,4.243478261
7,0,10,0,5,0,220,3,5,5,5,5,5,1458,,68,36,65,85,,,8,10,4,10,,,4.537313433,4.333333333,4.285714286,4.304878049,
6,8,8,1,5,0,220,3,4,4,2,3,1,1444,,61,34,26,109,,,6,8,6,9,,,4.379310345,4.275862069,4.090909091,4.5,
2,8,9,0,5,6,220,3,3,5,5,5,3,1445,,73,58,15,71,,,7,12,5,9,,,3.849315068,3.724137931,4.2,3.797101449,
8,3,9,1,7,0,224,5,4,5,4,3,5,1501,31,15,53,,9,,7,5,8,,3,,3.322580645,5.4,4.019230769,,3,
5,9,10,5,6,0,224,1,5,5,2,2,5,1478,12,4,6,,16,,3,3,2,,4,,3.75,3.5,4.166666667,,3.375,
5,2,2,3,5,0,224,3,4,3,4,4,5,1466,20,18,78,,19,,5,7,6,,5,,3.55,4.529411765,4.615384615,,4.526315789,
2,2,10,0,4,0,230,4,4,4,4,4,5,1571,67,,83,,98,54,13,,12,,12,12,4.5625,,4,,4.642857143,3.867924528
0,1,10,0,10,0,230,5,5,5,5,5,5,1567,86,,76,,118,60,19,,12,,16,11,4.313953488,,4.263157895,,4.301724138,4.116666667
2,10,10,10,10,0,230,3,4,4,4,4,4,1570,156,,158,,98,59,23,,16,,15,15,4.134615385,,3.815286624,,3.979591837,3.966101695
9,5,10,3,9,0,231,5,5,5,5,5,5,1578,61,,,86,97,9,14,,,12,16,8,3.433333333,,,4.523255814,4.432989691,4.888888889
9,10,9,0,8,0,231,5,5,5,5,5,5,1574,96,,,157,93,36,19,,,23,18,10,4.395833333,,,4.647435897,3.838709677,4.416666667
9,9,8,7,4,0,231,5,3,3,5,4,5,1581,108,,,213,108,29,13,,,26,12,7,4.185185185,,,4.0657277,3.898148148,4.344827586
4,5,6,3,7,7,232,3,3,4,4,3,3,1589,52,,39,,23,34,5,,10,,4,7,4.469387755,,3.722222222,,4.272727273,4.161290323
2,5,3,7,5,4,232,4,4,4,4,4,3,1593,48,,39,,37,46,8,,7,,4,6,4.4375,,3.756756757,,3.891891892,3.913043478
5,6,6,3,8,7,232,2,3,3,4,4,2,1591,37,,49,,66,51,5,,9,,8,9,3.833333333,,4.152173913,,4.169230769,4.04
9,2,10,0,5,3,233,5,5,5,5,5,5,1599,14,,16,69,66,,6,,5,13,17,,5.571428571,,4.5625,5.014492754,4.53030303,
1,7,9,0,5,0,233,3,2,4,1,3,3,1596,42,,12,72,69,,9,,3,10,16,,4.743589744,,4,4.28125,4.476190476,
9,0,8,2,5,5,233,4,4,3,3,4,4,1598,76,,45,130,62,,12,,10,14,8,,3.891891892,,3.88372093,4.488372093,4.709677419,
0,6,0,0,6,4,234,5,5,5,5,4,5,1611,,29,37,59,40,,,7,4,15,10,,,4.172413793,3.972972973,4.189655172,4.974358974,
5,1,9,0,8,2,234,3,5,4,5,4,3,1603,,44,23,56,64,,,7,4,16,18,,,4,3.454545455,4.351851852,3.822580645,
3,4,10,3,10,2,236,3,3,5,3,5,4,1624,,111,98,,59,126,,12,15,,13,16,,4.073394495,4.113402062,,4.338983051,3.904761905
5,2,0,7,1,0,238,3,5,5,4,4,5,1637,53,76,79,,,85,4,11,8,,,7,4.735849057,4.56,4.115384615,,,4.435294118
5,1,6,0,2,0,238,5,5,3,5,4,5,1629,30,34,30,,,35,7,14,9,,,9,4.8,4.84375,4.275862069,,,4.685714286
3,1,4,2,10,0,238,4,5,4,5,5,5,1640,15,32,18,,,13,3,6,4,,,1,3.357142857,4.709677419,4.166666667,,,5.833333333
6,6,6,6,10,3,239,4,4,5,4,5,4,1650,,,84,29,12,44,,,5,3,2,5,,,3.904761905,4.482758621,4.25,5.340909091
0,4,0,4,3,0,239,5,3,5,3,3,5,1642,,,22,34,18,24,,,3,5,2,5,,,4.409090909,4.647058824,4.611111111,4.583333333
1,5,3,6,10,0,239,5,5,5,3,5,4,1646,,,63,34,16,19,,,5,3,2,3,,,4.169491525,4.818181818,3.375,4.833333333
9,6,8,2,6,4,240,5,5,4,5,3,5,1655,61,55,17,97,,,8,11,5,11,,,3.777777778,3.931818182,3.692307692,4.193181818,,
3,6,8,7,6,3,240,2,4,4,3,3,3,1665,53,29,72,19,,,5,5,7,4,,,4.137254902,3.964285714,3.985915493,4.789473684,,
8,7,8,9,8,5,240,3,4,3,4,4,3,1662,106,52,35,85,,,14,9,9,15,,,4.40776699,4.5,3.857142857,4.476190476,,
4,1,10,6,10,4,241,4,5,5,5,5,4,1683,,,45,58,29,73,,,8,18,9,20,,,3.930232558,4.017241379,3.793103448,4.097222222
10,6,10,10,10,5,241,5,3,5,5,5,4,1675,,,59,116,61,101,,,15,23,17,24,,,4.24137931,4.192982456,4.114754098,3.782178218
1,1,10,0,10,5,241,3,3,5,4,5,4,1680,,,70,124,47,93,,,14,19,14,20,,,4.071428571,3.926829268,4.106382979,4.087912088
10,5,10,2,5,5,249,5,3,5,2,3,3,1772,7,31,44,,15,,4,5,10,,4,,3.428571429,4.866666667,4.113636364,,3.933333333,
5,5,10,3,5,2,249,3,4,4,3,4,4,1768,27,48,30,,17,,4,3,8,,4,,3.925925926,4.666666667,4.433333333,,4.294117647,
10,10,10,0,5,10,249,5,5,5,5,1,3,1766,16,57,28,,34,,5,4,7,,2,,4.9375,4.49122807,4.964285714,,4.617647059,
4,4,8,0,6,0,250,3,4,3,4,3,4,1779,,83,39,,58,4,,9,7,,10,2,,4.185185185,4.236842105,,5.018181818,6
5,2,9,0,5,0,250,3,5,3,5,4,5,1777,,49,21,,34,2,,6,6,,8,1,,4.346938776,3.904761905,,4.529411765,3.5
6,5,9,10,8,0,250,3,4,3,5,4,5,1774,,84,33,,67,3,,9,6,,11,2,,4.523809524,4.90625,,4.432835821,2
3,6,2,2,5,0,251,3,4,3,4,4,5,1788,,60,,51,25,45,,6,,3,4,6,,4.186440678,,4.196078431,3.72,3.755555556
5,6,7,1,6,0,251,3,3,4,5,3,5,1786,,17,,36,27,37,,6,,3,2,5,,4.823529412,,4.057142857,5,3.837837838
10,8,7,6,6,0,251,5,4,4,4,4,4,1787,,33,,20,17,24,,7,,6,7,7,,4.322580645,,4.95,4.764705882,4.166666667
6,0,7,4,4,3,252,3,5,5,5,4,5,1790,,110,74,107,83,,,19,13,14,12,,,4.127272727,4.27027027,4.457943925,4.361445783,
4,2,7,4,4,0,252,5,5,4,3,5,5,1789,,133,80,99,81,,,21,16,13,15,,,4.162790698,3.922077922,4.309278351,4.6875,
6,8,6,2,3,1,252,3,5,3,4,4,5,1775,,145,70,90,39,,,20,12,12,4,,,4.482758621,4.342857143,4.322222222,4.897435897,
6,8,5,0,5,5,253,4,5,4,5,3,3,1794,77,39,63,,56,,13,7,9,,11,,4.309859155,4.138888889,3.93220339,,3.964285714,
9,9,6,9,10,0,253,5,5,4,5,5,4,1791,72,47,24,,85,,10,9,7,,9,,4.464788732,3.711111111,4.25,,4.385542169,
4,8,6,4,6,4,253,3,4,3,3,4,4,1797,24,53,27,,108,,7,12,5,,12,,4,4.057692308,4.148148148,,4.14953271,
10,10,9,2,10,1,261,5,5,4,4,5,3,1901,74,82,,38,50,,14,7,,7,8,,4.418918919,4.49382716,,3.973684211,4.32,
7,6,5,0,6,5,261,3,4,3,5,4,3,1893,69,110,,92,82,,14,14,,12,7,,4.434782609,4.128440367,,4.195652174,4.283950617,
8,3,5,4,4,3,261,4,4,3,4,4,4,1902,19,28,,32,59,,3,3,,2,4,,3.947368421,4.821428571,,3.625,4.169491525,
5,7,8,5,5,0,262,4,4,4,4,4,4,1895,147,,,64,60,41,11,,,11,9,8,4.288732394,,,3.877192982,4.446428571,3.888888889
5,7,9,5,5,1,262,3,4,5,4,3,4,1907,51,,,73,58,45,7,,,8,7,11,4.086956522,,,4.164179104,3.851851852,3.85
6,8,9,6,7,1,262,4,4,4,3,4,4,1908,48,,,52,67,73,3,,,7,9,10,4.25,,,4.692307692,4.313432836,4
5,10,10,0,10,10,263,4,5,5,4,5,4,1906,21,,7,2,20,,3,,2,1,3,,4.6,,4.5,6,4.842105263,
1,8,9,2,6,4,263,4,4,4,4,4,4,1899,3,,1,2,11,,2,,1,1,3,,5.333333333,,5,6,3.636363636,
0,7,10,0,0,0,263,5,3,5,5,5,5,1909,8,,2,4,12,,3,,1,2,3,,4.666666667,,7,4.666666667,4.555555556,
5,0,0,0,10,0,264,3,5,4,4,3,5,1911,21,21,,,4,69,8,7,,,2,14,4.5,4.368421053,,,4,4.322580645
6,0,10,3,10,5,264,2,4,3,4,5,2,1904,70,60,,,35,96,11,8,,,3,15,4.728571429,4.254237288,,,4.571428571,4.34375
10,10,10,0,10,10,264,4,5,5,5,5,5,1914,29,19,,,5,30,9,6,,,2,7,4.071428571,4.611111111,,,2.8,5.233333333
5,8,8,0,10,2,278,4,4,4,4,5,3,2006,45,18,42,54,,,10,4,6,10,,,3.577777778,4.666666667,4.214285714,3.796296296,,
5,8,8,1,9,0,278,3,4,4,3,3,4,2007,71,55,40,63,,,9,10,6,12,,,4.169014085,4.166666667,3.925,4.098360656,,
5,8,8,0,10,5,278,5,5,5,5,5,5,2005,61,51,52,77,,,8,7,8,9,,,5.016393443,3.7,4.37254902,4.623376623,,
5,7,5,0,2,0,279,4,4,5,5,4,5,2008,119,,125,,92,101,14,,17,,12,21,4.315789474,,4.153846154,,4.372093023,4.305263158
1,8,2,8,10,3,279,4,4,5,5,5,4,2010,108,,96,,110,66,14,,15,,23,15,4.603773585,,3.864583333,,4.422018349,3.892307692
2,10,2,4,10,2,279,4,5,3,4,5,4,2009,38,,103,,105,24,7,,18,,19,8,4.578947368,,4.359223301,,4.514285714,4.772727273
5,8,9,8,7,0,280,3,4,5,4,4,5,2002,18,26,,,51,3,4,3,,,7,1,3.785714286,4.333333333,,,3.782608696,4
7,8,9,8,7,1,280,4,4,4,4,4,4,2017,73,92,,,69,60,15,12,,,18,5,4.287671233,4.25,,,4.52173913,4.65
7,10,10,0,7,0,280,5,5,5,5,5,5,2014,118,103,,,90,123,16,18,,,19,17,4.594827586,4.647058824,,,4.488888889,4.483606557
7,1,10,5,7,1,281,3,5,5,3,4,4,2034,,26,7,,41,35,,4,2,,6,7,,4.5,4.714285714,,4,4.342857143
1,6,9,0,6,0,281,3,3,4,4,3,4,2025,,25,2,,30,6,,6,2,,7,4,,4.04,5.5,,3.833333333,4.5
8,0,10,5,10,2,281,5,4,5,3,5,3,2018,,19,19,,59,44,,2,4,,16,8,,4.210526316,5.421052632,,4.389830508,4.558139535
6,9,3,7,10,0,283,3,3,3,4,4,5,2054,,100,63,,146,47,,23,11,,21,15,,4.838383838,4.587301587,,4.317241379,4.382978723
8,6,7,9,5,0,283,3,4,4,5,3,5,2045,,66,65,,22,39,,14,9,,4,9,,4.090909091,3.907692308,,4.181818182,4.717948718
10,10,10,6,1,0,283,4,5,4,3,2,4,2052,,137,84,,105,99,,17,16,,9,17,,4.518248175,4.166666667,,4.676190476,4.515151515
0,2,0,5,7,2,284,4,4,2,3,2,3,2013,,44,74,57,48,,,9,4,6,8,,,3.727272727,3.904109589,4.490909091,3.847826087,
7,3,9,3,8,5,284,3,4,4,4,4,3,2019,,38,93,130,69,,,8,13,21,18,,,4.526315789,3.892473118,4.307692308,4.455882353,
6,2,7,5,9,1,284,3,4,4,3,5,4,2011,,18,34,47,54,,,5,4,5,7,,,3.294117647,3.941176471,4.543478261,4.641509434,
9,8,9,0,9,5,285,4,4,4,4,4,3,2033,,31,20,,64,97,,10,6,,9,16,,4.451612903,4.2,,4.032258065,4.239583333
8,8,9,0,7,0,285,5,5,5,5,5,5,2040,,58,43,,59,76,,10,8,,6,11,,4.035714286,4.365853659,,4.372881356,4.302631579
0,6,9,0,9,4,285,5,4,5,5,5,4,2063,,34,29,,52,52,,8,5,,7,10,,3.96969697,4.448275862,,3.846153846,4.826923077
10,10,10,10,10,10,286,5,5,5,3,5,1,2057,51,31,,14,,39,5,8,,4,,8,3.960784314,4.533333333,,4.153846154,,3.868421053
7,3,6,5,6,0,286,3,3,3,4,2,5,2056,48,41,,26,,59,11,12,,6,,15,4.791666667,3.8,,3.36,,4.355932203
8,3,10,4,6,0,286,4,5,5,4,3,4,2030,46,51,,21,,49,11,12,,6,,7,4.02173913,4.31372549,,3.714285714,,4.102040816
0,3,10,5,8,3,287,4,5,5,5,4,4,2059,,7,29,63,,18,,3,6,8,,4,,4.5,4.384615385,3.935483871,,3.705882353
1,3,1,5,9,0,287,2,3,2,3,4,4,2066,,7,11,23,,30,,2,4,7,,5,,3.285714286,3.090909091,3.739130435,,3.433333333
5,7,8,0,4,3,288,3,4,4,5,3,4,2068,,59,69,,72,64,,8,12,,11,9,,3.86440678,4.144927536,,4.236111111,3.870967742
6,7,8,3,8,3,288,3,4,4,5,4,5,2069,,114,106,,111,61,,15,16,,19,11,,4.288288288,4.163461538,,4.651376147,4.081967213
10,5,10,0,8,1,288,5,4,5,3,5,4,2076,,86,76,,106,107,,28,25,,28,26,,4.918604651,4.644736842,,4.476190476,4.339622642
8,9,9,8,6,0,289,5,5,4,5,4,4,2037,54,,82,64,,60,8,,8,7,,14,3.807692308,,4.024691358,3.777777778,,4.071428571
8,0,8,0,10,0,289,3,4,3,5,5,4,2078,88,,161,194,,122,16,,15,21,,24,4.204545455,,4.086956522,4.242268041,,3.621848739
7,7,8,0,6,0,289,4,4,4,4,4,5,2075,40,,50,72,,43,9,,9,13,,13,4.117647059,,4.133333333,4.213114754,,4
8,1,6,3,10,0,290,4,5,3,3,4,2,2073,84,,80,,86,19,7,,8,,11,3,4.390243902,,4.641025641,,4.517647059,4.631578947
4,4,4,3,2,2,290,3,4,2,4,3,3,2079,64,,103,,89,48,13,,12,,15,11,4.140625,,4.514563107,,4.337078652,4.833333333
0,5,10,5,5,0,290,5,3,3,3,3,5,2070,43,,27,,22,43,6,,6,,5,11,4.692307692,,4,,4.368421053,4.139534884
5,0,4,5,8,0,291,3,5,3,3,4,5,2080,58,90,,,35,80,8,13,,,8,16,3.74137931,3.929411765,,,4.029411765,4.5875
5,5,6,0,7,0,291,3,3,3,4,4,5,2044,39,17,,,7,14,6,5,,,3,4,4.076923077,3.176470588,,,3.285714286,4.142857143
10,6,10,5,7,0,292,5,3,5,3,5,5,2083,73,6,3,,1,,11,2,1,,1,,4.260273973,2.833333333,2,,2,
5,2,10,1,10,8,292,3,4,5,3,5,4,2082,36,21,3,,6,,7,6,2,,3,,4.235294118,3.85,3.666666667,,2.333333333,
0,10,10,5,0,0,293,4,5,5,4,3,5,2041,,,10,7,7,13,,,2,3,3,4,,,4.3,4,3.714285714,4
9,5,10,5,10,0,293,3,3,5,3,3,5,2028,,,10,20,30,7,,,5,4,4,3,,,5.6,4.631578947,3.9,4.428571429
6,7,10,4,4,0,293,3,3,4,3,3,4,2084,,,10,5,23,8,,,4,2,5,4,,,4.1,4,4,4.571428571
1,7,10,0,5,1,294,5,5,5,5,5,4,2085,20,16,21,,,37,8,4,7,,,13,4.15,4.0625,5.476190476,,,4.972972973
0,7,10,10,10,0,294,5,4,4,5,5,4,2090,64,43,32,,,65,6,11,7,,,14,4.15625,4.302325581,4,,,4.290322581
0,5,9,5,7,0,294,5,5,4,3,4,5,2091,19,40,27,,,61,4,6,6,,,10,3.842105263,4.175,3.962962963,,,4.147540984
0,10,1,0,0,0,295,5,5,4,5,4,5,2095,49,42,28,29,,,6,9,8,6,,,4.897959184,4.365853659,3.642857143,4.344827586,,
4,2,8,0,10,0,295,3,5,4,5,5,5,2094,58,99,11,21,,,9,15,5,8,,,4.5,4.323232323,4.454545455,4.15,,
7,4,7,3,8,0,295,3,4,3,4,5,5,2103,22,66,46,40,,,6,7,7,5,,,3.909090909,4.403225806,4.636363636,4.358974359,,
7,2,8,8,10,2,296,3,4,4,5,5,4,2110,,89,41,111,,83,,10,6,11,,13,,4.179775281,3.926829268,4.342342342,,4.228915663
8,0,7,5,6,1,296,4,5,4,4,3,4,2106,,66,38,72,,62,,13,8,5,,8,,4.181818182,4.108108108,4.333333333,,4.225806452
0,5,8,0,9,5,296,4,3,4,4,4,3,2102,,108,42,33,,70,,12,5,4,,7,,3.666666667,4.12195122,4.8125,,4.028985507
5,0,9,0,9,0,297,3,4,5,4,5,4,2117,27,19,,,1,14,2,2,,,1,1,5.296296296,4.631578947,,,7,4.5
10,9,4,10,8,0,297,5,5,1,5,5,5,2118,51,48,,,9,5,3,9,,,3,2,4.862745098,4.354166667,,,3.444444444,4.8
9,7,8,8,8,1,297,5,3,4,4,4,5,2112,36,51,,,5,10,4,9,,,2,4,5.818181818,4.260869565,,,5,4.8
10,7,10,10,10,9,300,5,3,5,5,5,4,2132,89,101,70,,84,,17,21,19,,13,,4.348314607,4.485148515,3.463768116,,4.55952381,
9,2,8,10,8,5,300,5,5,4,5,3,3,2130,128,203,79,,134,,18,26,16,,20,,4.37007874,4.63546798,4.25974026,,5.089552239,
2,2,8,8,3,1,300,4,4,4,3,3,5,2134,36,43,32,,75,,7,7,7,,7,,4.714285714,3.744186047,3.9375,,3.88,
6,1,10,0,10,0,301,4,5,5,5,5,5,2136,68,64,,63,,42,12,11,,9,,11,4.279411765,4.161290323,,4.857142857,,4.547619048
3,5,3,0,8,0,301,4,5,5,4,4,5,2138,36,28,,18,,30,4,6,,2,,5,4.171428571,4.185185185,,4.411764706,,3.866666667
7,9,10,0,8,0,301,3,4,5,4,4,5,2141,71,73,,91,,57,9,10,,9,,12,4.309859155,4.123287671,,4.322222222,,4.421052632
10,6,7,7,6,0,302,5,3,3,3,2,4,2146,27,44,14,,39,,5,6,3,,4,,4.076923077,4.214285714,4,,4.051282051,
9,7,6,0,8,0,302,4,3,4,2,5,5,2144,7,28,21,,35,,3,6,3,,7,,3.285714286,3.888888889,4.444444444,,4.606060606,
8,8,5,0,5,10,302,5,5,2,5,2,5,2147,55,77,16,,70,,7,10,4,,6,,4.698113208,4.25974026,5.428571429,,4.362318841,
3,4,10,9,5,1,304,3,3,5,5,3,2,2155,127,71,,84,,42,10,14,,11,,8,4.48,4.478873239,,4.69047619,,5.30952381
0,10,10,0,0,0,304,1,5,5,1,1,1,2158,86,120,,70,,22,7,13,,12,,5,4.779069767,4.058333333,,4.171428571,,4.272727273
5,0,1,0,1,0,305,3,5,5,5,4,5,2162,151,136,,,171,64,13,20,,,17,8,4.226666667,4.787878788,,,4.644970414,4.703125
6,0,6,6,1,0,305,4,2,3,4,3,5,2161,174,58,,,84,39,16,15,,,14,7,4.534883721,4.410714286,,,4.086419753,3.864864865
2,0,0,5,2,0,305,3,5,5,5,4,5,2164,91,119,,,49,65,7,12,,,9,6,4.579545455,4.542372881,,,4.829787234,4.707692308
5,5,0,9,10,0,319,3,3,5,4,5,5,2366,,123,122,43,,10,,15,17,9,,3,,4.245901639,4.221311475,4.093023256,,5
10,10,7,7,10,9,319,5,5,3,3,5,4,2372,,96,56,27,,43,,14,8,6,,9,,4.210526316,4.4,4.269230769,,4.804878049
9,3,3,5,8,7,319,4,4,2,3,4,3,2362,,86,153,75,,51,,8,12,5,,6,,4.744186047,4.098039216,4.4,,4.803921569
5,8,8,1,8,4,320,3,5,4,5,4,3,2382,,43,,20,13,48,,10,,6,4,12,,3.744186047,,3.75,3.833333333,4.191489362
6,7,2,3,8,0,320,3,4,2,2,5,5,2392,,33,,15,9,31,,6,,3,3,4,,4.212121212,,3.266666667,3.666666667,4.451612903
7,7,6,4,5,0,320,3,3,3,3,3,5,2385,,74,,48,25,39,,7,,8,4,7,,3.726027397,,3.666666667,4.28,4.846153846
7,0,0,0,9,0,321,2,4,4,4,4,5,2394,,,41,44,17,39,,,5,5,4,5,,,4.756097561,4.227272727,4.235294118,4.179487179
10,0,10,0,10,0,321,5,5,5,5,5,5,2388,,,4,25,3,4,,,2,5,3,2,,,4.5,3.583333333,2,1.666666667
0,8,10,0,10,0,321,5,5,5,5,4,5,2396,,,40,53,8,23,,,8,8,5,5,,,3.75,3.830188679,4.125,3.913043478
1,3,3,6,3,0,322,4,3,3,3,2,4,2400,146,,48,120,,64,15,,7,14,,9,4.634482759,,4.333333333,4.433333333,,4.40625
8,8,10,0,5,0,322,5,5,5,5,3,5,2381,108,,90,60,,13,12,,8,14,,5,4.619047619,,4.1,4.456140351,,4.25
1,8,10,10,9,2,322,4,4,5,5,3,4,2389,92,,37,84,,65,11,,7,11,,10,4.304347826,,4.351351351,4.107142857,,4.353846154
9,8,8,10,10,2,323,4,5,3,5,5,4,2401,24,29,,11,,24,7,7,,4,,7,4.130434783,3.965517241,,3.363636364,,3.666666667
3,8,8,9,8,1,323,4,4,3,4,3,5,2387,21,31,,28,,21,6,7,,6,,5,3,3.580645161,,3.821428571,,3.571428571
4,9,6,10,9,2,323,4,5,3,5,5,4,2312,33,17,,34,,12,7,5,,4,,5,4.03030303,3.764705882,,4.5,,4
5,5,5,10,8,0,325,3,3,3,5,3,4,2390,128,,,94,169,92,11,,,12,18,12,4.417322835,,,4.483870968,4.538461538,4.065934066
8,0,10,0,10,0,325,4,5,5,5,5,5,2380,83,,,125,66,77,17,,,17,17,23,4.265060241,,,4.629032258,4.378787879,3.818181818
5,6,9,3,6,2,327,3,3,4,3,3,4,2383,42,30,,14,,32,5,6,,5,,9,3.761904762,4.566666667,,4,,4.875
2,7,2,6,5,0,327,4,3,3,2,3,4,2406,6,16,,19,,17,2,5,,3,,4,2.666666667,4.4375,,4.368421053,,4.5
2,8,8,4,6,6,327,4,5,3,4,3,3,2407,32,31,,19,,6,7,6,,4,,2,4.129032258,3.857142857,,4.210526316,,3.2
10,10,10,0,0,0,331,5,5,5,5,5,5,2428,,80,,41,70,36,,9,,5,8,5,,4.55,,5.048780488,4.971428571,4.777777778
0,4,0,2,7,0,331,5,5,5,4,5,5,2440,,141,,57,90,62,,10,,6,10,6,,4.572519084,,4.307692308,4.625,3.563636364
8,5,10,0,4,0,331,4,4,4,4,3,5,2430,,51,,33,9,7,,8,,6,3,4,,4.666666667,,4.333333333,2.888888889,4.428571429
2,0,10,0,10,0,332,3,5,5,5,5,5,2438,112,,,74,96,43,10,,,12,19,8,4.1875,,,4.635135135,4.208333333,4.651162791
10,10,5,0,5,0,332,5,5,5,5,5,5,2439,69,,,16,53,28,8,,,4,10,8,4.074626866,,,4.1875,4.25,4
4,5,0,0,4,4,332,4,4,5,4,4,4,2427,24,,,30,32,28,2,,,5,3,5,3.75,,,4.275862069,4.483870968,3.642857143
5,10,10,0,10,5,334,3,5,4,5,3,4,2448,18,,,22,19,16,4,,,8,4,7,4.235294118,,,4.136363636,4.368421053,4.125
0,5,5,5,10,10,334,5,5,3,5,5,5,2449,20,,,68,38,14,5,,,13,8,5,3.833333333,,,4.514705882,4.648648649,4.071428571
5,5,1,3,3,0,334,4,4,2,3,3,5,2447,40,,,93,71,48,7,,,12,11,11,4.153846154,,,4.365591398,4.408450704,4.5625
10,0,4,5,3,0,335,5,5,2,3,2,5,2451,7,,,11,19,5,3,,,4,3,2,3.142857143,,,3.909090909,4.947368421,2.8
7,3,8,5,6,0,335,3,3,4,3,4,5,2450,29,,,36,97,21,4,,,5,6,4,4.75862069,,,3.971428571,4.4375,4.047619048
10,0,0,0,3,0,335,5,5,5,1,3,5,2455,23,,,13,59,20,5,,,3,9,6,4.045454545,,,4.166666667,4.122807018,3.947368421
0,0,10,0,10,2,336,5,5,5,4,5,5,2464,74,68,,,14,93,18,11,,,3,16,4.507462687,4.409836066,,,4.416666667,4.639534884
10,0,10,10,10,5,336,5,5,5,1,5,3,2458,47,46,,,52,108,4,7,,,8,10,4.212765957,4.613636364,,,4.632653061,4.242990654
7,1,10,8,9,0,336,4,5,5,4,4,5,2456,66,58,,,29,114,12,13,,,9,23,3.954545455,4.655172414,,,4.785714286,4.385964912
5,7,6,4,7,7,337,3,4,4,4,3,3,2466,21,25,,39,,67,3,3,,6,,6,5.523809524,3.56,,4.846153846,,4.179104478
9,7,9,6,7,5,337,5,5,4,3,4,3,2468,55,35,,114,,107,5,8,,18,,15,4,3.771428571,,4.327433628,,4.386792453
2,5,9,1,9,0,338,4,4,4,5,5,5,2474,20,20,,,46,14,4,3,,,6,7,3.736842105,3.6,,,3.760869565,4.214285714
2,3,3,8,10,0,338,4,5,2,3,5,5,2473,17,47,,,65,21,2,4,,,7,4,4,4.195652174,,,5.015873016,3.6
6,8,6,5,10,0,340,3,5,3,5,5,5,2476,41,,51,14,,28,3,,4,2,,4,4.390243902,,4.470588235,4.071428571,,4.071428571
8,5,8,0,8,8,340,4,3,4,4,4,3,2459,17,,72,7,,55,4,,8,2,,6,5.647058824,,4.319444444,4.857142857,,4.454545455
6,0,8,0,4,5,340,4,5,3,5,3,3,2452,54,,29,16,,44,5,,5,3,,5,4.153846154,,5.178571429,3.733333333,,5.162790698
0,7,0,10,10,0,346,5,5,5,5,5,5,2505,,34,153,142,64,,,3,17,13,7,,,3.911764706,4.666666667,4.687943262,4.796875,
6,7,6,8,5,0,346,3,4,3,3,2,5,2509,,27,41,27,51,,,3,5,4,6,,,4.074074074,4.780487805,4.730769231,3.78,
1,8,0,3,4,2,347,5,4,5,5,4,4,2518,145,,,63,18,130,20,,,9,2,14,4.75,,,4.290322581,5.666666667,4.5390625
1,3,5,1,4,1,347,4,4,3,4,3,4,2516,16,,,59,48,68,5,,,11,6,11,5.1875,,,4.824561404,4.29787234,4.590909091
9,5,8,0,8,1,347,4,3,4,4,4,4,2521,138,,,107,131,180,16,,,19,19,26,4.284671533,,,4.528846154,4.410852713,4.530726257
10,0,10,0,6,0,350,4,4,4,5,3,5,2555,67,,51,44,,13,15,,11,8,,5,4.641791045,,4.745098039,4.568181818,,5.083333333
6,6,10,0,4,0,350,4,4,5,5,4,5,2548,92,,52,57,,56,23,,13,11,,13,4.336956522,,4.153846154,4.192982456,,4.472727273
10,10,10,0,5,0,350,5,5,5,5,3,5,2551,63,,47,58,,44,16,,8,6,,10,4.612903226,,4.680851064,4.672413793,,3.954545455
0,9,8,9,0,0,357,4,4,3,4,4,4,2601,,30,,32,32,41,,4,,6,10,7,,4.233333333,,3.625,4.633333333,4.3
5,3,5,10,5,0,357,3,3,3,5,3,5,2579,,37,,93,58,60,,3,,12,9,8,,4.228571429,,4.444444444,4.379310345,4.568965517
10,10,10,0,10,0,357,5,5,5,5,5,5,2581,,73,,147,153,143,,2,,11,14,7,,4.166666667,,4.397260274,4.625,4.545454545
8,4,8,7,7,1,365,4,4,4,4,4,4,2653,,,75,48,69,93,,,15,14,13,27,,,4.148648649,4.369565217,4.147058824,4.43956044
5,5,8,0,10,0,365,2,3,4,4,4,4,2645,,,52,53,54,76,,,13,12,18,19,,,4.3,4.075471698,4.811320755,4.783783784
5,0,2,1,8,0,365,3,5,4,4,4,5,2649,,,86,50,88,94,,,22,12,21,24,,,4.069767442,4.346938776,3.894117647,4.795698925
4,7,10,0,7,1,366,4,4,5,5,3,4,2644,62,,,85,73,61,11,,,10,10,10,4.393442623,,,4.635294118,4.479452055,4.852459016
5,0,4,8,6,0,366,3,5,3,4,3,5,2648,108,,,170,125,75,30,,,39,38,23,4.103773585,,,4.241176471,4.336,4.133333333
4,5,8,5,5,0,366,5,5,5,5,5,5,2651,112,,,112,93,112,22,,,21,17,23,4.03960396,,,4.592592593,4.215909091,4.163461538
6,1,7,4,5,2,367,3,4,3,3,2,3,2654,,,157,197,188,174,,,24,37,27,41,,,3.843137255,4.371134021,4.423913043,4.51744186
2,2,8,4,10,1,367,3,5,5,3,5,3,2652,,,85,60,66,95,,,11,15,10,21,,,4.05952381,4.457627119,4.121212121,3.744680851
7,6,5,3,7,0,371,4,3,3,4,4,5,2670,30,,,25,,22,3,,,3,,5,4.964285714,,,4,,5
4,6,1,0,5,0,371,3,3,4,5,3,5,2671,66,,40,20,,23,7,,4,5,,6,4.538461538,,4.026315789,4.263157895,,4.173913043
7,0,0,3,7,0,371,4,4,4,4,4,4,2669,65,,31,75,,17,4,,7,5,,4,5.301587302,,4.548387097,4.053333333,,5.294117647
4,2,9,0,5,4,374,2,4,4,5,3,4,2682,26,34,18,13,,,3,4,2,4,,,3.48,3.90625,3.764705882,3.083333333,,
2,3,9,0,6,0,374,5,4,5,5,5,5,2685,22,50,59,23,,,7,9,6,7,,,3.904761905,4.340909091,4.072727273,3.695652174,,
2,2,9,1,0,3,374,4,4,4,4,4,4,2689,48,57,31,22,,,9,8,5,6,,,4.476190476,4.142857143,3.857142857,4.8,,
7,8,9,0,8,0,375,4,5,4,5,4,5,2697,28,26,,,4,28,5,6,,,2,6,4.607142857,3.846153846,,,3,4.285714286
8,8,10,5,7,0,375,4,4,4,3,3,5,2695,47,65,,,5,32,9,10,,,3,7,4.760869565,3.646153846,,,2.2,4.5
9,8,5,0,9,0,375,5,5,4,4,5,5,2696,40,45,,,3,34,8,7,,,2,6,4,3.954545455,,,3.666666667,4.294117647
2,4,3,0,10,2,376,3,3,3,5,5,4,2699,,90,23,,47,59,,12,5,,6,10,,3.955555556,3.434782609,,4.446808511,3.881355932
10,3,8,0,8,2,376,4,4,4,5,4,3,2711,,47,16,,27,22,,7,4,,5,6,,4.723404255,3.25,,4,4.909090909
6,5,9,0,7,1,383,4,4,5,5,3,5,2742,25,32,34,,,56,6,8,5,,,8,4.72,3.40625,3.735294118,,,3.678571429
5,8,10,4,3,2,383,4,4,5,3,4,4,2739,50,71,38,,,144,8,17,10,,,25,4.177777778,3.696969697,3.941176471,,,4.045454545
5,0,10,0,5,8,383,3,5,5,5,4,5,2734,49,59,38,,,58,11,8,9,,,12,4.170212766,3.762711864,4.210526316,,,4.052631579
0,3,3,4,5,0,384,5,4,2,4,3,5,2781,32,,,31,8,5,9,,,4,2,2,4.125,,,3.866666667,4.875,2.8
10,8,6,8,6,0,384,4,3,3,4,4,5,2754,79,,,49,68,53,11,,,9,5,14,3.924050633,,,4.354166667,3.941176471,4.490566038
2,3,4,4,7,3,385,4,4,4,3,4,4,2766,57,15,,,33,51,12,9,,,10,10,4.087719298,3.8,,,5.03030303,4.28
3,1,9,1,9,5,385,4,5,5,4,5,3,2784,57,43,,,28,31,10,11,,,9,8,4.285714286,3.928571429,,,4.285714286,4.612903226
8,2,6,7,6,3,385,5,5,4,4,3,4,2755,98,48,,,51,28,9,7,,,5,5,4.4,4.666666667,,,4.434782609,4.28
6,4,10,3,10,5,386,3,3,4,3,4,4,2763,,,85,72,188,48,,,9,13,15,7,,,3.964285714,4.180555556,3.87027027,4.130434783
0,6,9,5,10,3,386,5,4,3,3,5,3,2785,,,46,71,41,34,,,8,8,6,9,,,4.097560976,4.15625,3.72972973,3.774193548
8,10,9,7,10,4,386,4,5,4,3,4,3,2770,,,34,119,92,19,,,7,20,20,8,,,3.647058824,4.12605042,4.108695652,4.789473684
4,8,4,0,7,0,387,4,5,4,5,4,5,2765,88,56,,13,,3,9,8,,4,,1,3.872093023,4,,3.333333333,,2.5
3,8,3,0,5,0,387,4,4,3,5,4,5,2774,19,37,,5,,3,4,8,,3,,1,4.526315789,4.861111111,,3,,2.666666667
4,7,10,10,10,0,387,2,4,5,1,4,5,2772,49,72,,6,,4,10,17,,4,,2,4.142857143,3.972222222,,4.166666667,,4.75
10,0,10,0,10,0,388,5,5,5,5,5,5,2786,19,,14,,4,22,7,,2,,1,6,3.842105263,,4.230769231,,2.5,4.238095238
10,10,10,0,10,0,388,4,5,5,5,5,5,2769,61,,13,,4,16,7,,3,,1,5,3.819672131,,4.307692308,,4.25,3.4
3,9,10,5,9,9,393,2,5,5,3,4,3,2805,,76,92,,82,124,,13,17,,16,17,,4.368421053,4.619565217,,4.182926829,4.556451613
6,7,5,2,8,4,393,4,4,3,4,5,4,2814,,36,62,,56,71,,9,10,,12,11,,3.885714286,4.064516129,,3.75,3.814285714
10,10,10,0,5,7,393,5,5,5,5,3,3,2803,,19,46,,29,54,,6,6,,8,4,,4.578947368,4.586956522,,3.620689655,4.296296296
0,5,9,7,5,1,395,5,5,5,5,5,5,2819,,55,,44,69,41,,9,,8,8,10,,4.945454545,,4.604651163,4.705882353,4.926829268
4,0,5,0,10,7,397,3,5,3,5,4,3,2838,126,,60,,75,52,11,,9,,13,10,4.214285714,,4.551724138,,4.662162162,3.88
2,7,4,0,10,0,397,2,3,2,5,5,5,2826,72,,29,,42,76,13,,6,,10,13,4.333333333,,4.571428571,,4.12195122,4.376811594
9,4,4,2,10,3,397,5,3,3,4,5,4,2822,77,,21,,32,43,10,,5,,7,9,4.155844156,,3.952380952,,4.5,4.093023256
10,10,5,3,3,0,416,5,5,4,4,3,5,2941,64,,39,26,,12,13,,8,4,,4,4.859375,,3.923076923,4.769230769,,4.583333333
0,5,5,3,2,0,416,5,3,3,3,2,5,2934,59,,16,52,,7,14,,5,10,,5,4.474576271,,3.875,4.038461538,,5.714285714
5,9,3,3,6,0,416,3,4,3,4,3,5,2939,113,,26,71,,3,19,,7,7,,2,4.765765766,,3.692307692,4.4,,4.666666667
0,2,5,1,5,0,417,5,5,5,5,5,5,2950,132,87,111,,,82,19,14,20,,,15,4.174242424,4.534883721,4.135135135,,,4.134146341
8,9,10,0,10,8,417,4,5,5,5,5,3,2940,105,117,113,,,57,18,12,16,,,5,4.35,4.290909091,4.54954955,,,3.622641509
6,9,7,1,2,3,417,3,5,5,5,4,4,2952,164,175,161,,,127,28,21,31,,,19,4.402515723,4.064705882,4.044585987,,,4.177419355
8,10,8,0,0,0,418,4,5,4,5,1,5,2953,36,29,,41,92,,7,3,,6,14,,3.944444444,4.24137931,,3.390243902,4.847826087,
8,9,8,0,8,7,418,4,5,3,5,3,3,2933,90,58,,123,107,,17,11,,26,15,,4.533333333,4.086206897,,3.926829268,4.392523364,
10,0,10,10,10,0,418,5,5,5,3,5,5,2948,215,122,,174,135,,24,13,,24,21,,4.325581395,4.442622951,,4.075144509,4.563909774,
2,7,2,10,7,3,419,4,4,4,5,3,3,2962,,6,57,,16,15,,3,5,,4,2,,3.333333333,4.218181818,,3.1875,2.933333333
0,7,10,0,7,0,419,3,5,3,5,3,5,2956,,69,67,,25,14,,10,8,,4,4,,4.391304348,3.955223881,,3.96,4.071428571
10,10,10,0,10,0,419,5,5,5,5,5,5,2964,,17,12,,8,2,,5,4,,4,2,,4.125,4.75,,2.75,1.5
2,3,10,0,5,0,420,4,3,4,4,3,4,2929,47,,8,7,40,,3,,2,2,4,,4.234042553,,3.75,3.142857143,3.875,
2,6,8,0,0,0,422,2,3,3,4,5,5,2968,4,,8,,8,8,2,,2,,3,2,3,,2.142857143,,4.125,2.666666667
7,9,6,0,6,0,422,5,5,4,5,4,5,2971,7,,5,,18,8,4,,3,,8,4,3.857142857,,3.6,,4.5,5.25
7,8,10,1,8,7,423,5,5,5,5,5,5,2966,58,,8,,75,73,7,,3,,8,7,4.068965517,,4,,4.283783784,4.513888889
7,4,10,5,8,7,423,5,5,5,5,4,4,2976,70,,12,,105,92,9,,6,,25,18,4.428571429,,3.666666667,,4.424242424,4.788888889
7,5,10,0,8,0,423,4,4,5,4,5,3,2973,17,,28,,40,24,4,,3,,10,7,3.4375,,4.285714286,,4.6,4.5
4,6,10,0,10,4,424,3,4,4,4,5,3,2957,,4,4,4,3,,,2,2,2,2,,,2.75,2.75,2.75,4.333333333,
5,5,10,0,10,0,424,3,4,4,5,5,5,2974,,1,7,45,9,,,1,2,6,5,,,2,3,3.87804878,4.111111111,
3,0,10,0,0,0,428,3,5,5,5,5,5,2981,52,33,,28,,81,7,7,,10,,17,3.903846154,4.242424242,,4.642857143,,4.12345679
2,0,6,1,10,2,428,2,2,3,2,4,3,3005,33,32,,25,,42,6,7,,10,,14,4.3125,3.833333333,,3.92,,4.380952381
10,9,10,0,9,9,429,5,5,5,5,5,5,3023,26,12,23,,35,,7,5,5,,7,,3.625,4,3.954545455,,4.90625,
3,9,4,2,4,2,429,4,4,4,5,3,5,3032,42,4,7,,57,,8,2,2,,10,,4.047619048,1.75,2.857142857,,3.631578947,
7,9,4,4,7,3,429,3,4,3,2,3,3,3040,73,41,101,,39,,10,9,12,,6,,4,3.666666667,4.077777778,,3.333333333,
6,9,7,6,8,0,430,4,5,4,3,4,5,3037,51,,,42,20,22,7,,,6,3,5,4.045454545,,,4.894736842,3.470588235,4.210526316
9,2,10,0,9,0,430,4,4,4,5,4,5,3036,44,,,38,23,23,6,,,5,4,4,4.477272727,,,4.394736842,4.086956522,4.130434783
2,1,3,5,7,1,434,4,5,3,3,5,4,3070,38,,,31,79,51,5,,,6,10,7,4.297297297,,,4.433333333,3.91025641,4.25
7,0,7,10,8,10,434,3,4,4,3,3,4,3112,43,,,46,62,89,6,,,6,10,9,4.333333333,,,4.025,4.053571429,4.8
0,0,1,7,6,0,434,4,4,4,3,3,4,3106,77,,,27,59,69,7,,,7,9,10,4.766233766,,,4.962962963,4.034482759,4.782608696
2,2,8,6,4,2,435,4,4,5,3,3,3,3069,100,37,137,,58,,11,9,11,,9,,4.329787234,4.142857143,4.623076923,,4.211538462,
4,7,1,0,3,1,435,4,4,4,5,3,5,3103,67,38,110,,27,,10,7,13,,7,,4.166666667,3.789473684,4.196261682,,4.037037037,
4,4,5,10,4,4,435,3,3,3,5,3,3,3114,15,17,7,,3,,5,5,3,,2,,3.733333333,4.941176471,2.714285714,,3.666666667,
8,6,3,5,8,0,436,4,4,3,3,4,4,3098,35,70,50,71,,,8,11,7,11,,,4.657142857,4.2,4.3,4.845070423,,
7,5,7,10,10,5,436,2,1,3,5,5,4,3073,70,88,55,43,,,7,11,7,9,,,3.842857143,3.829545455,4.055555556,4.452380952,,
7,3,7,5,7,3,436,4,4,4,4,4,4,3079,61,105,106,57,,,12,19,10,11,,,4.803278689,4.048076923,4.283018868,4.315789474,,
5,6,10,2,0,0,438,2,4,4,4,5,5,3100,,16,48,29,,13,,2,3,4,,1,,4.6875,4.104166667,4,,3.461538462
10,8,10,6,3,0,438,5,4,5,3,3,5,3110,,26,14,56,,8,,5,4,7,,3,,3.653846154,4.454545455,4.072727273,,4
7,7,10,0,8,0,438,4,4,5,4,4,5,3105,,12,19,30,,7,,3,3,5,,2,,4.666666667,4.894736842,3.333333333,,4.714285714
8,8,10,2,5,0,439,4,4,5,4,3,5,3091,80,,50,45,,27,6,,8,3,,3,4.35443038,,4.58,5.113636364,,4.592592593
6,1,9,7,9,0,439,3,4,5,4,4,5,3089,37,,115,104,,14,3,,11,4,,4,4.405405405,,4.571428571,4.788461538,,5
8,9,8,4,6,0,439,4,4,4,4,4,4,3113,39,,62,43,,15,4,,4,3,,3,4.333333333,,4.433333333,4.928571429,,4.769230769
2,3,7,0,2,0,440,3,3,4,5,3,5,3066,,18,3,8,,9,,5,1,3,,4,,4.352941176,2,3.875,,3.888888889
0,10,6,0,7,0,440,4,4,4,5,4,5,3083,,8,8,29,,11,,2,3,5,,3,,3.5,3.625,4.344827586,,3.727272727
5,7,9,8,8,0,440,3,3,4,4,4,4,3072,,14,6,2,,19,,6,2,1,,5,,3.692307692,2.666666667,2,,4.421052632
0,10,10,0,10,10,442,5,5,5,5,5,5,3085,,,17,27,11,4,,,5,5,1,1,,,4.6875,4.925925926,3.727272727,2.75
2,10,5,0,8,7,442,3,5,3,5,4,3,3102,,,56,35,34,19,,,8,6,7,4,,,4.509803922,4.09375,4.428571429,4.0625
2,3,2,1,2,0,442,2,3,2,2,2,1,3092,,,46,21,59,58,,,7,4,4,3,,,4.266666667,5.15,5.120689655,4.344827586
5,8,10,1,10,0,449,5,5,5,4,5,5,3186,55,,35,59,,77,10,,8,16,,17,4.037037037,,4.257142857,3.983050847,,4.090909091
1,0,4,1,3,0,449,4,5,3,5,3,5,3203,130,,86,77,,126,18,,12,13,,20,4.661538462,,4.094117647,4.103896104,,4.523809524
7,3,7,0,4,0,449,4,5,4,5,3,5,3211,175,,163,137,,144,32,,21,26,,30,4.2,,4.172839506,4.386861314,,4.173611111
0,4,7,2,5,4,450,5,5,4,5,5,4,3199,86,32,82,,167,,14,14,16,,13,,3.872093023,4.5,4.317073171,,4.281437126,
7,5,10,0,10,5,450,4,5,5,5,5,3,3210,84,79,79,,130,,14,16,19,,25,,3.843373494,4.166666667,4.474358974,,3.930769231,
4,0,6,3,5,0,451,4,5,4,3,3,4,3173,24,,4,35,55,,2,,2,1,3,,4.416666667,,4.5,5.142857143,4.148148148,
6,8,10,10,7,6,451,3,4,5,5,3,3,3207,18,,8,79,20,,3,,4,4,3,,4.166666667,,4.142857143,4.435897436,4.111111111,
10,9,8,0,4,0,451,5,4,5,5,3,5,3204,66,,44,100,64,,5,,5,6,7,,4.787878788,,4.75,4.85,4.5625,
0,6,0,10,10,0,452,5,5,5,5,5,5,3206,,,123,136,34,89,,,22,13,10,31,,,5.041322314,4.733333333,4.235294118,4.730337079
3,10,5,3,7,3,452,3,5,4,4,4,4,3177,,,85,87,65,121,,,20,16,18,28,,,4.674698795,4.209302326,4.646153846,4.100840336
5,7,8,3,7,0,452,4,3,4,4,3,5,3189,,,67,54,44,51,,,9,8,14,12,,,4.287878788,5.185185185,4.409090909,4.490196078
9,1,9,3,7,3,453,4,4,4,4,4,3,3205,13,42,21,,89,,4,4,4,,9,,4.615384615,4.30952381,4.714285714,,4.651685393,
10,0,10,0,0,0,453,5,1,5,1,1,1,3197,42,114,75,,64,,13,23,11,,11,,5.214285714,4.043859649,4.135135135,,4.603174603,
10,4,10,4,4,0,453,5,5,5,5,5,5,3174,50,77,49,,29,,10,12,7,,4,,3.92,4.210526316,4.244897959,,5.068965517,
7,1,1,0,6,0,454,4,3,4,4,3,4,3198,61,26,,76,,64,7,8,,8,,10,4.295081967,4.923076923,,4.552631579,,4.546875
5,4,7,4,5,0,454,3,3,3,4,3,5,3195,52,36,,99,,64,5,8,,7,,9,3.846153846,4.305555556,,4.424242424,,4.390625
0,5,5,5,10,0,454,4,4,4,4,4,4,3200,3,11,,51,,29,2,6,,6,,5,1.333333333,6,,4.607843137,,4.862068966
5,1,5,2,9,4,464,4,4,3,3,4,3,3288,80,95,116,,64,,10,10,11,,9,,4.4875,4.829787234,3.922413793,,4.492063492,
5,7,6,1,10,0,464,4,4,3,4,4,5,3289,92,103,57,,54,,13,8,9,,7,,4.184782609,4.323529412,4.035714286,,4.074074074,
8,3,9,0,9,0,464,4,5,5,5,5,5,3284,65,71,94,,73,,11,6,10,,10,,4.061538462,4.38028169,4.053191489,,4.767123288,
8,8,5,3,10,0,465,4,3,3,3,4,5,3296,33,,35,44,,26,5,,5,6,,5,4.303030303,,3.914285714,4.186046512,,4.08
3,3,5,0,5,0,465,3,3,3,4,3,5,3294,127,,78,50,,14,6,,10,6,,5,4.598425197,,3.896103896,3.76,,3.769230769
10,9,6,1,8,0,465,5,4,3,3,4,5,3303,107,,105,81,,39,11,,13,10,,8,4.177570093,,3.771428571,4.432098765,,4.102564103
5,1,7,1,6,0,468,2,4,3,2,3,5,3314,,45,47,,22,90,,12,15,,6,21,,4.511627907,4.355555556,,4.380952381,4.306818182
1,8,2,1,7,0,468,4,4,4,4,4,3,3318,,25,32,,15,50,,5,4,,3,9,,4.08,4.655172414,,3.6,3.62
9,8,9,0,10,0,469,4,4,4,5,5,4,3307,81,,40,68,,24,14,,8,14,,9,4.358024691,,4.256410256,4.390625,,3.5
8,0,8,0,8,0,469,5,5,5,5,5,5,3326,44,,20,40,,21,8,,4,5,,7,4.454545455,,3.95,4.4,,4.095238095
9,7,10,0,5,0,469,4,3,5,5,3,1,3327,90,,32,67,,32,10,,4,9,,7,4.297619048,,4.25,3.625,,5.074074074
8,8,8,0,8,0,471,4,4,4,4,4,4,3337,74,,75,21,,25,8,,6,5,,7,4.283783784,,4.066666667,4.333333333,,4.4
10,0,0,0,10,0,471,5,5,5,5,5,5,3338,84,,10,5,,23,14,,3,3,,5,4.313253012,,3.9,4,,4.130434783
9,9,8,0,8,8,483,4,5,4,5,4,5,3448,119,13,,36,17,,15,7,,11,4,,4.235294118,4.076923077,,3.944444444,3.764705882,
8,8,9,0,10,0,483,4,5,4,5,4,5,3415,50,18,,23,36,,6,4,,6,6,,4.46,3.470588235,,3.913043478,4.083333333,
5,7,7,0,5,0,483,3,5,4,5,4,5,3344,102,21,,48,43,,13,5,,9,8,,4.333333333,4.333333333,,4.111111111,4.619047619,
8,6,8,1,8,5,484,4,4,4,4,4,4,3422,,,45,6,67,56,,,5,3,16,10,,,3.911111111,3.5,4.181818182,4.267857143
10,10,10,0,10,8,484,5,5,5,5,5,4,3423,,,10,5,26,41,,,4,4,10,12,,,3.5,3.8,3.307692308,4.073170732
5,2,8,0,8,2,484,3,4,3,5,4,2,3430,,,6,4,28,32,,,3,2,8,8,,,4,2.333333333,3.6,4.3125
3,7,10,5,8,0,485,3,3,5,3,3,4,3435,9,,31,8,17,,3,,5,2,4,,3.333333333,,4.233333333,2.75,5,
5,2,5,3,9,1,485,4,4,4,5,4,4,3412,8,,56,15,23,,4,,11,6,7,,3,,4.517857143,3.333333333,4.347826087,
7,10,10,3,7,1,485,4,5,4,4,4,4,3439,17,,41,42,54,,4,,6,7,9,,3.647058824,,4.763157895,4.025641026,4.79245283,
10,8,10,10,7,0,486,5,5,4,5,4,5,3444,,56,,110,71,7,,10,,10,9,2,,4.730769231,,4.733944954,5.014492754,4.857142857
0,5,6,0,1,0,486,5,4,5,5,4,5,3411,,9,,35,105,7,,3,,5,6,2,,3,,4.911764706,4.528846154,4.285714286
9,1,9,0,8,0,486,5,5,5,5,5,5,3461,,60,,36,51,23,,9,,5,8,4,,4.916666667,,4.5,4.745098039,4.652173913
10,6,10,5,7,0,487,5,5,5,5,5,1,3447,,,40,36,50,11,,,4,6,9,4,,,4.256410256,3.8,4.34,3.4
4,5,10,0,2,0,487,3,4,5,5,4,5,3459,,,29,47,64,12,,,5,7,10,6,,,4.413793103,3.978723404,3.78125,5.916666667
10,9,9,1,5,3,489,5,5,4,2,3,3,3416,11,103,10,,50,,3,10,4,,8,,4.5,5.090909091,5.25,,4.265306122,
9,9,9,0,5,5,489,4,4,4,5,3,2,3410,31,60,12,,23,,4,5,2,,4,,4.225806452,4.366666667,4.666666667,,4.5,
0,8,5,0,2,5,490,4,4,3,5,4,4,3434,,,13,27,39,3,,,3,8,8,2,,,3.230769231,3.851851852,4.538461538,3
5,2,10,1,5,0,490,3,4,5,4,4,5,3402,,,8,44,60,2,,,5,5,7,1,,,4.75,4.840909091,4.35,2.5
9,7,10,0,3,0,490,4,5,5,5,4,5,3421,,,22,55,66,18,,,4,4,6,3,,,3.952380952,3.963636364,4.061538462,4.0625
6,10,7,0,6,0,491,4,5,3,5,3,5,3414,,160,68,,68,26,,16,6,,6,8,,4.19375,4.268656716,,4.294117647,5.583333333
8,10,7,3,4,0,491,4,4,4,3,3,4,3409,,27,41,,32,21,,5,6,,5,6,,3.62962963,4.853658537,,3.741935484,3.619047619
7,9,5,0,6,0,491,3,4,4,4,4,5,3446,,47,93,,71,12,,8,6,,4,4,,3.765957447,4.440860215,,4.281690141,4.416666667
10,9,10,6,8,0,492,5,5,5,4,4,5,3438,29,40,14,68,,,6,6,6,7,,,4.482758621,4.289473684,4,4.147058824,,
10,5,10,0,5,0,492,4,5,5,5,5,5,3431,9,52,33,39,,,4,5,6,6,,,5,3.784313725,4.393939394,3.315789474,,
9,6,7,0,10,4,492,4,3,4,4,4,3,3460,15,3,32,13,,,4,1,6,4,,,3.785714286,3.5,4,4,,
8,10,7,0,8,8,493,4,4,3,5,3,4,3429,40,,10,,50,43,7,,5,,11,13,4.3,,3.6,,4.346938776,4.325581395
7,6,7,1,6,8,493,4,4,4,4,4,3,3436,54,,16,,81,37,6,,5,,9,3,4.358490566,,3.875,,4.6,4.108108108
7,2,6,1,6,2,493,4,4,4,3,2,5,3432,54,,28,,97,121,9,,6,,9,12,5.222222222,,3.214285714,,3.958762887,4.391666667
9,8,10,8,10,5,500,4,3,4,3,4,3,3525,,,25,52,13,31,,,3,10,5,5,,,4.12,4.288461538,3.916666667,4.333333333
0,8,0,2,5,0,501,5,5,5,4,4,5,3603,140,138,,143,147,,15,20,,17,22,,4.326086957,4.086956522,,4.090909091,4.303448276,
8,8,6,0,8,0,501,4,5,3,5,5,5,3591,113,82,,65,67,,11,12,,10,10,,4.082568807,4.090909091,,4.174603175,3.861538462,
9,10,10,7,10,7,501,5,5,5,5,5,4,3585,175,74,,99,119,,23,13,,16,18,,4.108571429,4.347222222,,4.545454545,3.781512605,
8,1,10,0,0,0,502,4,4,5,5,5,4,3607,,,18,15,22,58,,,8,7,5,11,,,4.235294118,4,3.954545455,4.789473684
1,7,10,1,6,4,502,3,4,5,4,3,3,3587,,,50,74,55,69,,,7,11,5,8,,,4.18,4.246575342,4.290909091,4.867647059
7,9,10,2,8,4,502,4,4,5,4,4,4,3625,,,7,13,4,24,,,2,3,2,6,,,3.571428571,3.333333333,3.75,4.666666667
8,9,10,0,10,0,503,3,5,5,5,5,5,3616,54,34,20,,78,,8,7,4,,15,,4.351851852,4.5,3.75,,4.5,
10,9,10,0,10,0,503,5,5,5,5,5,4,3610,74,97,44,,54,,11,12,12,,16,,4.295774648,4,4.195121951,,4.6,
10,9,10,0,9,1,503,4,4,5,5,4,4,3612,51,32,12,,25,,14,11,7,,8,,3.588235294,4.0625,4.333333333,,4.48,
7,7,8,3,7,1,504,3,4,4,3,4,4,3608,,33,46,107,39,,,6,5,13,6,,,3.8125,3.847826087,4.009615385,4.756756757,
6,7,9,2,8,5,504,3,4,4,5,4,3,3613,,52,58,112,30,,,10,5,16,8,,,3.846153846,3.965517241,4.330357143,4.4,
8,9,5,0,5,0,504,5,5,4,5,5,5,3582,,55,86,124,38,,,8,9,13,6,,,4.12962963,3.976744186,4.403225806,4.447368421,
0,9,10,0,6,1,505,5,5,5,5,5,4,3617,,19,,1,4,15,,7,,1,2,5,,4.473684211,,1,3.25,3.333333333
0,4,9,0,7,5,505,4,4,4,5,5,3,3609,,68,,20,7,45,,8,,3,3,8,,3.897058824,,4.8,3.285714286,4.755555556
0,6,5,3,5,5,506,4,3,3,3,2,3,3624,21,,29,7,,24,5,,5,2,,3,4.666666667,,4.517241379,5.857142857,,4.333333333
8,10,10,0,8,0,506,3,5,4,5,3,5,3589,43,,32,15,,10,8,,6,6,,6,4.348837209,,3.8125,3.866666667,,3.3
10,10,10,1,10,8,507,5,5,5,4,5,4,3584,40,49,,31,,65,6,7,,6,,11,4.35,4.93877551,,3.709677419,,4.646153846
10,9,10,5,10,6,507,5,5,5,3,5,3,3623,29,64,,35,,53,5,6,,4,,8,4.407407407,3.984126984,,4.342857143,,4.20754717
10,0,10,2,0,0,507,5,5,5,5,5,5,3628,34,67,,41,,60,9,10,,7,,12,3.96969697,3.567164179,,3.951219512,,4.533333333
7,10,10,0,10,0,520,5,5,5,5,5,5,3748,90,84,86,,,60,14,8,13,,,9,4.561797753,4.904761905,4.453488372,,,4.396551724
10,10,10,0,5,0,520,5,5,5,5,3,5,3733,123,38,112,,,78,14,8,11,,,14,4.133333333,4.5,4.428571429,,,4.230769231
6,9,9,0,7,2,520,4,4,4,5,4,4,3766,61,97,65,,,38,12,9,8,,,9,4.224137931,4.577319588,4.265625,,,4.135135135
8,7,10,1,10,0,521,4,3,4,3,4,4,3747,108,,96,49,,75,8,,14,8,,13,4.327102804,,4.857142857,4.020833333,,4.64
3,8,9,2,2,1,521,4,4,5,4,4,4,3718,57,,56,23,,15,10,,12,10,,7,4.280701754,,4.375,3.476190476,,4.466666667
6,9,10,2,2,0,521,3,3,5,3,3,4,3726,145,,144,4,,97,19,,17,1,,13,4.486111111,,4.748251748,4.75,,4.1875
7,2,8,10,8,3,522,4,5,4,5,4,4,3763,100,,97,149,42,,8,,9,12,8,,4.242424242,,4.824742268,4.256756757,4,
7,2,6,2,6,2,522,3,4,3,4,3,3,3780,37,,98,77,61,,9,,11,4,9,,4.567567568,,4.581632653,4.285714286,4.786885246,
7,5,10,0,8,0,522,4,4,5,5,4,4,3750,39,,78,65,26,,6,,11,6,6,,4.717948718,,4.298701299,4.171875,3.75,
5,7,1,0,3,0,523,3,5,4,5,3,5,3782,54,35,121,70,,,8,9,10,11,,,3.875,4.1,3.912280702,4.25,,
7,8,10,8,7,0,523,2,3,4,4,3,3,3745,28,49,72,74,,,3,6,8,10,,,4.888888889,4.166666667,4.507042254,5.027777778,,
7,5,10,0,10,10,523,5,5,5,1,5,5,3739,6,13,55,24,,,2,4,7,4,,,2.833333333,4.384615385,3.5,4.695652174,,
5,0,4,3,10,10,524,3,5,3,3,4,4,3734,34,47,67,,,27,5,6,9,,,6,4.205882353,4.191489362,3.805970149,,,4.4
8,3,7,8,3,0,524,5,3,4,4,4,5,3727,52,82,38,,,59,7,12,7,,,11,3.942307692,4.594936709,3.842105263,,,4.214285714
6,6,6,0,7,7,524,4,4,4,5,3,4,3771,6,7,81,,,90,4,3,14,,,16,5.333333333,4.142857143,4.049382716,,,4.595505618
10,5,10,5,0,0,525,5,5,5,5,5,5,3760,23,31,,45,,42,2,4,,6,,6,4.043478261,4.193548387,,4.111111111,,3.976190476
2,3,2,0,6,1,525,4,4,3,5,4,4,3721,44,50,,76,,38,8,8,,6,,4,4.454545455,4.32,,4.368421053,,3.736842105
8,2,8,0,7,1,525,4,5,4,5,3,4,3713,108,40,,76,,119,7,6,,11,,9,4.240740741,4.794871795,,4.16,,4.176470588
7,7,6,1,7,0,526,4,4,4,3,4,4,3732,65,67,,53,99,,7,12,,8,12,,4.671875,4.075757576,,3.698113208,3.858585859,
1,5,7,0,5,0,526,4,4,4,5,3,5,3738,93,170,,67,145,,21,28,,11,29,,4.641304348,4.307692308,,4.119402985,4.013793103,
10,8,10,2,9,5,527,5,4,4,4,4,4,3751,,,45,34,57,32,,,6,3,6,5,,,4.177777778,4.424242424,4.125,4.78125
10,1,10,2,10,5,527,5,5,5,4,5,5,3768,,,30,58,28,28,,,4,5,4,5,,,4.222222222,4.283018868,4.666666667,4.24
10,5,10,10,9,5,527,5,3,5,5,4,3,3770,,,33,38,26,19,,,5,6,5,5,,,4,4.105263158,4.115384615,4.315789474
1,0,10,0,10,0,528,3,5,5,5,5,5,3749,70,,16,36,,11,9,,4,10,,2,4.650793651,,4.571428571,4.516129032,,4.444444444
4,8,10,0,1,0,528,3,4,4,5,4,4,3781,120,,28,62,,14,11,,5,8,,3,4.153153153,,4.32,4.107142857,,4.083333333
9,5,9,0,8,0,528,4,4,4,5,3,5,3710,69,,3,21,,8,6,,2,3,,2,4.405797101,,4.333333333,3.714285714,,3.75
0,1,0,0,5,0,529,5,4,5,5,3,4,3714,67,86,42,,73,,8,12,8,,10,,4.28358209,4.046511628,3.952380952,,4.178082192,
7,8,5,0,9,0,529,4,4,5,5,5,5,3746,113,85,80,,77,,9,10,13,,10,,4.669642857,4.357142857,4.425,,3.909090909,
10,5,9,0,1,0,532,4,4,4,4,4,4,3791,52,72,61,,32,,6,10,6,,4,,4.470588235,4.228571429,4.672131148,,4.838709677,
7,7,7,4,2,0,532,4,4,4,3,4,1,3784,20,55,74,,22,,5,9,8,,4,,4.6,3.854545455,3.876712329,,3.636363636,
2,1,2,0,1,0,532,3,3,3,5,3,5,3787,19,79,83,,42,,7,17,13,,8,,4.631578947,4.772151899,4.50617284,,4.43902439,
6,0,10,2,6,0,533,4,4,5,4,4,5,3788,,64,70,36,,34,,13,10,7,,9,,4.5,4.371428571,3.833333333,,4.294117647
5,0,10,0,5,0,533,5,5,5,5,5,5,3789,,91,65,29,,20,,12,9,4,,5,,4.21978022,4.230769231,5.24137931,,5.4
1,8,7,5,7,1,550,4,4,3,4,3,4,3837,44,,70,97,92,,10,,11,10,16,,4.595238095,,3.68115942,3.822916667,4.772727273,
0,8,5,3,10,0,550,5,4,4,3,5,5,3835,72,,51,53,88,,9,,7,7,11,,4.382352941,,3.75,4.461538462,3.917647059,
8,8,8,4,9,2,550,4,4,4,3,4,4,3834,68,,87,27,48,,8,,11,8,8,,4.40625,,4.082352941,5.115384615,5.212765957,
1,7,5,7,2,2,551,3,4,3,3,4,4,3840,,64,,52,83,60,,11,,7,11,14,,4.133333333,,4.387755102,4.0875,4.4
8,7,8,2,2,2,551,4,4,4,5,4,5,3838,,84,,87,74,52,,14,,16,14,15,,3.926829268,,4.61627907,4.297297297,3.615384615
10,10,10,0,0,0,554,5,5,5,1,1,1,3887,,8,10,8,,7,,2,3,3,,2,,4.25,3.4,3.428571429,,3.714285714
10,0,0,0,0,10,555,5,5,5,5,5,3,3881,51,13,,20,51,,6,4,,7,3,,4.653061224,4.461538462,,3.85,5.117647059,
10,10,7,0,8,0,555,5,4,3,5,4,5,3880,24,5,,13,16,,8,2,,3,2,,4.541666667,3.25,,4.769230769,5.6875,
10,6,10,0,10,0,555,5,5,5,5,5,5,3875,103,32,,39,106,,9,3,,7,6,,4.757281553,4.78125,,4.666666667,4.885714286,
5,8,8,3,9,3,556,1,4,4,4,5,3,3874,,21,20,,46,74,,6,5,,8,13,,3.95,3.421052632,,4.413043478,4.405405405
10,8,8,0,8,6,556,5,4,4,4,4,4,3878,,30,28,,62,76,,6,6,,7,10,,3.933333333,4.321428571,,4.278688525,4.065789474
2,8,8,3,7,3,556,4,4,4,4,4,4,3883,,23,14,,72,58,,6,4,,8,11,,3.086956522,3.285714286,,3.819444444,3.732142857
10,10,8,0,5,2,560,5,5,5,4,4,4,3922,,5,12,1,37,,,1,4,1,11,,,3.4,2.916666667,1,4.135135135,
10,8,6,0,5,0,560,5,4,3,1,3,1,3921,,11,17,4,22,,,2,3,3,4,,,4.4,4.0625,4.5,4.363636364,
8,7,6,0,3,0,560,4,4,3,5,2,5,3926,,3,23,2,26,,,2,5,2,5,,,1.333333333,3.826086957,1.5,4.192307692,
5,5,10,0,5,0,561,3,3,5,1,3,1,3924,,46,75,20,106,,,10,17,7,16,,,4.586956522,3.986111111,4.45,3.783018868,
10,5,5,0,6,0,561,5,5,4,5,5,5,3927,,19,46,8,46,,,6,9,3,9,,,5,4.711111111,4.375,4.911111111,
1,2,10,6,7,0,563,3,4,5,4,4,5,3928,111,51,,,45,30,12,8,,,6,8,4.385321101,4.224489796,,,4.066666667,3.642857143
1,3,5,0,5,0,563,5,5,3,5,5,5,3938,166,95,,,116,106,15,14,,,15,11,4.217105263,4.168674699,,,4.574257426,4.736842105
4,8,7,1,6,0,563,4,5,4,5,3,5,3940,113,91,,,40,59,9,6,,,9,8,4.442477876,4.3,,,3.692307692,4.13559322
10,0,3,0,8,7,568,5,5,4,5,5,4,3966,,14,50,25,72,,,3,5,4,7,,,3.285714286,4.229166667,4.916666667,4.763888889,
1,1,5,0,7,0,568,5,5,4,5,5,5,3962,,29,130,26,28,,,6,15,7,3,,,4.206896552,4.5234375,3.807692308,5.142857143,
10,5,10,0,10,0,569,5,3,5,5,5,2,3979,,55,64,66,8,,,4,8,5,2,,,4.363636364,4.21875,4.575757576,3.75,
0,1,0,5,7,0,569,4,3,4,3,4,5,3977,,125,96,65,27,,,16,14,10,4,,,4.128,4.368421053,4.215384615,3.925925926,
10,5,10,7,9,1,569,5,5,5,3,5,5,3980,,98,88,66,23,,,9,8,5,4,,,4,4.024096386,4.307692308,3.857142857,
0,2,8,6,5,0,572,4,4,4,3,3,5,3989,34,,29,,93,57,10,,6,,11,9,4.176470588,,4.551724138,,4.494623656,3.964285714
0,7,7,6,6,0,572,5,5,5,3,4,5,3990,44,,42,,79,15,10,,9,,17,5,3.727272727,,4.095238095,,4.037974684,4.6
0,4,10,4,5,0,572,5,3,4,5,2,5,3992,40,,12,,124,31,10,,5,,11,8,3.7,,3.833333333,,4.371900826,4.3
3,5,7,2,7,2,575,4,4,4,4,4,4,4014,62,,18,21,39,,8,,5,5,8,,4.327868852,,3.823529412,3.333333333,3.815789474,
5,7,3,0,6,0,575,3,3,3,3,3,4,4008,61,,39,21,61,,7,,5,3,11,,4.35,,3.947368421,4.285714286,4.25,
8,10,7,5,8,0,575,4,5,4,3,3,5,4012,146,,123,30,25,,12,,9,2,3,,4.931506849,,4.162601626,3.7,5.08,
1,0,4,5,9,0,577,4,4,3,3,4,4,4025,83,,101,48,39,,10,,14,9,8,,4.039473684,,3.923076923,4.604651163,4.0625,
5,10,10,0,10,0,577,3,5,5,5,5,5,4049,83,,65,70,22,,9,,13,9,7,,4.192771084,,4.276923077,4.202898551,4.952380952,
1,9,6,5,10,2,577,4,5,4,3,5,4,4051,24,,51,14,17,,6,,9,4,3,,4.5,,4.244897959,4.214285714,3.647058824,
2,5,2,0,6,2,578,3,4,3,4,3,3,4027,6,12,,6,3,,2,5,,2,2,,4.166666667,3.916666667,,3,2.333333333,
8,5,10,0,10,5,578,4,4,4,4,4,4,4029,2,9,,18,7,,2,3,,4,4,,2,3.375,,3.375,3.428571429,
4,5,9,2,7,1,578,3,3,3,3,3,4,4040,3,8,,28,6,,2,3,,4,3,,2,2.625,,3.964285714,3.5,
10,5,10,0,7,0,583,5,5,5,5,5,5,4228,,12,72,14,,1,,5,6,2,,1,,4.75,3.944444444,4.357142857,,4
1,5,5,0,7,0,583,4,5,3,5,3,5,4226,,10,22,19,,1,,3,4,5,,1,,2.875,3.619047619,3.6875,,4
5,5,5,0,0,0,583,4,5,4,5,4,5,4217,,29,70,74,,44,,5,13,14,,3,,4.24137931,4.428571429,4.635135135,,4.534883721
10,8,10,9,10,0,584,5,4,5,5,5,4,4216,54,60,,191,,66,8,11,,17,,7,4.411764706,4.087719298,,4.391534392,,4.446153846
2,7,10,5,5,0,584,4,4,4,3,3,5,4223,48,14,,141,,59,3,4,,14,,7,4.804347826,4.142857143,,4.072992701,,4.571428571
7,0,10,2,5,0,584,3,5,5,4,3,5,4209,37,38,,71,,35,5,7,,9,,5,4.457142857,4.657894737,,4.23880597,,4.242424242
7,2,3,0,2,0,585,4,2,2,1,2,1,4214,78,45,59,,52,,8,7,5,,7,,4.054054054,3.772727273,4.607142857,,4.88,
5,5,7,5,5,0,586,4,4,4,4,4,4,4225,15,48,,23,,36,5,10,,6,,7,3.866666667,4.041666667,,4.260869565,,4.25
10,8,10,5,7,0,586,5,4,5,5,4,5,4210,77,90,,93,,40,6,11,,9,,6,4.25974026,4.844444444,,4.322580645,,4.35
7,5,4,4,8,0,586,3,3,3,3,4,5,4208,95,94,,40,,81,14,15,,8,,10,4.663157895,4.119565217,,4.102564103,,4.50617284
9,8,10,6,6,0,588,5,5,5,4,5,5,4242,81,62,74,,63,,14,10,13,,12,,4.375,5.016129032,4.081081081,,5.571428571,
3,2,8,1,5,1,588,5,5,5,1,2,5,4239,171,132,86,,137,,15,12,19,,15,,4.497076023,4.801526718,4.917647059,,4.242424242,
4,8,10,2,7,2,588,4,4,4,4,4,4,4237,56,28,60,,59,,12,8,9,,12,,4.090909091,4.285714286,3.95,,4.206896552,
9,8,9,2,5,2,589,4,4,4,4,3,4,4276,25,,61,27,,53,8,,7,6,,8,4.454545455,,4.383333333,3.846153846,,4.098039216
3,5,2,0,5,4,589,3,3,4,5,3,3,4280,65,,68,5,,21,5,,9,4,,7,4.030769231,,3.779411765,2,,3
5,9,9,9,10,10,589,3,5,5,5,5,5,4262,57,,56,47,,67,8,,10,12,,13,4.054545455,,4.509803922,4.488888889,,3.805970149
5,4,10,0,5,5,590,5,5,5,5,5,5,4281,109,131,43,,,90,7,7,4,,,9,4.917431193,4.236641221,4.534883721,,,3.988888889
7,7,9,8,8,1,590,3,3,4,3,4,5,4263,49,30,24,,,19,4,4,3,,,4,3.918367347,4.033333333,4.666666667,,,4.473684211
4,3,5,4,0,3,590,3,3,3,3,3,3,4289,58,32,7,,,23,6,3,1,,,4,4.452830189,4.344827586,2.833333333,,,3.5
3,0,7,0,0,0,595,3,4,3,4,4,4,4317,36,31,,40,,18,7,5,,5,,3,3.53125,4.482758621,,4.194444444,,4.294117647
1,0,1,4,6,0,595,4,5,3,3,3,5,4306,6,17,,19,,7,3,3,,5,,2,4,3.882352941,,3.888888889,,2.428571429
5,0,3,2,4,0,595,3,4,2,4,3,4,4310,31,19,,8,,4,3,2,,2,,2,3.290322581,3.578947368,,3.375,,4.25
5,5,1,3,8,0,597,4,3,4,5,4,5,4365,36,49,,13,29,,6,6,,4,5,,4.027777778,4.404255319,,3.333333333,3.827586207,
5,3,7,4,7,9,597,3,4,3,4,3,5,4332,28,75,,31,51,,7,6,,6,7,,4.555555556,4.418918919,,4.677419355,3.803921569,
5,1,8,2,8,3,597,3,4,3,4,4,3,4360,60,58,,39,73,,5,6,,8,11,,4.084745763,4.509090909,,3.771428571,4.391304348,
6,5,10,5,8,0,598,5,5,5,5,5,5,4384,34,38,61,,,76,5,5,8,,,8,3.764705882,3.894736842,3.9,,,4.144736842
6,5,8,0,6,0,598,3,3,3,5,4,5,4342,12,39,32,,,23,5,7,9,,,7,3.666666667,4.052631579,4.322580645,,,4.304347826
5,5,8,0,5,0,598,4,5,5,4,2,5,4383,32,23,39,,,34,3,4,7,,,7,3.09375,4,4.794871795,,,4.060606061
2,3,2,7,6,0,599,5,5,5,4,5,5,4348,94,50,,,119,96,11,10,,,13,14,4.333333333,4.645833333,,,4.521367521,4.840425532
5,4,10,0,6,0,599,3,3,5,1,4,1,4376,81,46,,,89,89,8,7,,,9,10,4.525,4.533333333,,,4.471910112,4.606741573
0,2,10,10,8,0,599,4,5,5,5,5,5,4385,164,79,,,147,95,6,8,,,14,8,4.695652174,4.144736842,,,4.262411348,4.911111111
8,2,9,7,5,1,601,4,5,4,5,3,5,4396,,33,,63,19,5,,7,,10,5,2,,4.4,,4.491525424,4.529411765,3.6
9,1,5,8,9,1,601,4,4,2,4,4,4,4361,,13,,11,33,5,,2,,3,7,2,,3.666666667,,4.454545455,4.322580645,3.4
4,7,9,6,8,6,601,2,4,5,3,4,3,4356,,38,,17,15,2,,6,,5,3,2,,4.142857143,,4.125,3.666666667,3
10,7,9,5,8,0,602,4,4,3,3,3,4,4349,,17,41,10,,20,,3,5,3,,6,,4.764705882,4.65,4.111111111,,3.473684211
8,1,10,0,10,0,602,5,5,5,5,5,5,4354,,31,69,27,,41,,6,13,6,,11,,4.5,4.603448276,4.363636364,,4.303030303
5,5,10,1,7,2,602,3,5,5,5,4,5,4339,,31,67,15,,31,,4,7,5,,6,,4.035714286,3.693548387,3.076923077,,4.192307692
6,9,10,0,8,0,610,3,4,5,5,4,5,4483,,41,,73,42,64,,10,,12,8,11,,4.390243902,,4.657534247,3.785714286,4.46875
0,5,10,0,10,0,610,5,3,4,5,5,5,4468,,5,,5,5,20,,4,,2,4,4,,4.4,,4.4,3,3.7
4,8,4,2,7,4,613,3,3,3,3,4,4,4516,55,,56,67,,45,6,,13,13,,9,4.490909091,,4.214285714,3.656716418,,4.066666667
2,8,7,3,6,2,613,4,3,3,4,3,3,4505,51,,81,50,,27,8,,11,7,,5,4.52,,4.209876543,3.94,,4.555555556
4,4,5,9,0,0,613,3,3,3,4,4,4,4491,36,,52,50,,42,4,,7,6,,8,4.083333333,,3.942307692,3.395833333,,4.414634146
10,10,10,10,10,10,617,5,5,5,5,5,5,4566,4,7,19,19,,,2,3,6,4,,,2.5,2.857142857,3.052631579,4.058823529,,
0,5,0,7,8,1,617,5,4,5,3,3,2,4564,116,71,138,141,,,12,12,15,15,,,4.301724138,4.253521127,4.270072993,4.106382979,,
7,5,5,7,4,4,617,4,3,3,3,3,3,4562,80,42,87,66,,,12,13,20,21,,,4.506329114,4.682926829,4.38372093,4.507692308,,
10,10,10,1,6,5,618,5,5,5,5,3,4,4571,,,90,40,55,114,,,11,6,5,13,,,4.071428571,3.897435897,3.698113208,4.223214286
0,2,2,6,7,1,618,4,3,4,3,4,3,4555,,,39,35,26,14,,,3,6,3,6,,,3.694444444,3.90625,4.115384615,5.285714286
7,5,7,3,6,0,618,4,4,4,4,4,5,4574,,,80,21,63,53,,,6,5,5,9,,,4.35443038,4.857142857,3.80952381,4.283018868
3,3,9,8,9,0,619,4,5,5,4,4,5,4563,79,44,19,27,,,11,4,6,4,,,4.050632911,4.090909091,3.578947368,4.076923077,,
3,6,9,6,8,0,619,4,4,5,5,4,5,4576,53,67,13,22,,,9,11,6,8,,,4.134615385,4.384615385,4.076923077,4.6,,
3,9,7,3,8,1,619,5,5,4,3,4,3,4577,26,54,36,21,,,6,6,8,4,,,4.142857143,3.87755102,3.545454545,3.705882353,,
10,5,7,0,5,0,620,5,4,4,5,4,5,4561,70,,36,25,,54,13,,10,9,,14,4.304347826,,4.777777778,4.375,,4.518518519
7,1,6,0,1,1,620,4,4,3,5,4,4,4565,132,,84,55,,98,18,,14,11,,14,3.701754386,,4.154929577,4.083333333,,3.821428571
5,5,6,5,9,0,625,3,3,3,3,4,5,4619,11,,14,,17,24,4,,5,,4,3,3.636363636,,3.428571429,,3.941176471,4
5,6,8,5,8,0,625,4,4,4,4,4,5,4643,15,,15,,8,11,5,,4,,4,8,3.8,,3.933333333,,3.75,5.363636364
5,10,8,5,8,0,625,5,5,5,3,5,5,4631,2,,7,,28,14,2,,5,,6,2,3.5,,2.857142857,,4,3.785714286
2,5,5,3,4,0,626,2,3,3,2,3,5,4622,77,28,77,,,15,7,5,6,,,5,4.472972973,3.851851852,4.386666667,,,4
2,5,10,5,0,0,626,5,5,5,5,5,5,4629,24,11,33,,,15,4,3,8,,,6,4.333333333,4.181818182,4.545454545,,,4.6
8,10,10,0,5,0,627,5,5,5,5,5,5,4639,60,65,40,17,,,3,6,4,5,,,4.55,4.746031746,5,5.176470588,,
3,10,10,0,5,0,627,5,5,5,5,5,5,4640,30,16,11,10,,,4,3,3,4,,,3.448275862,4,4.111111111,4,,
2,10,10,0,10,10,627,4,5,5,5,5,5,4641,34,10,25,23,,,2,4,7,8,,,3.647058824,3.3,3.48,3.434782609,,
10,8,5,10,0,0,631,5,4,4,5,5,5,4663,42,28,19,52,,,7,5,6,5,,,4.404761905,4.333333333,4.052631579,4.076923077,,
6,0,8,0,8,0,631,3,5,4,5,3,5,4671,49,56,50,32,,,8,10,11,6,,,4.163265306,4.767857143,4.14,4.96875,,
0,0,0,0,0,0,631,5,5,5,5,5,5,4664,56,60,38,42,,,7,9,11,5,,,4.309090909,4.383333333,3.973684211,4.097560976,,
10,5,9,2,4,2,632,4,3,4,4,4,4,4670,21,,32,,50,36,5,,3,,9,7,4.333333333,,4.1875,,4.5,4
9,6,7,1,5,3,632,4,3,4,4,3,3,4662,4,,3,,3,6,3,,2,,2,3,3.5,,3.666666667,,2.333333333,2.2
5,10,10,0,5,0,633,4,5,5,4,3,5,4667,46,48,29,29,,,9,9,8,8,,,4.222222222,4.645833333,4.206896552,4,,
1,1,7,0,4,2,633,4,5,4,5,4,5,4668,20,43,19,25,,,6,11,7,7,,,3.421052632,4.214285714,3.421052632,3.833333333,,
6,7,9,10,0,9,634,3,4,2,5,4,4,4675,,55,74,77,,91,,13,17,14,,17,,3.709090909,4.01369863,4.038961039,,4.417582418
10,8,10,1,2,2,634,5,5,5,4,4,4,4672,,43,76,30,,75,,8,12,8,,20,,4.119047619,3.28,3.833333333,,4.648648649
0,5,0,0,7,0,634,4,4,4,4,4,5,4661,,71,61,65,,81,,14,13,16,,20,,4.676056338,4.694915254,4.140625,,4.962025316
8,7,7,0,4,1,635,4,4,3,5,3,5,4678,56,156,,,102,78,2,8,,,4,5,5.071428571,5.128205128,,,4.598039216,5.08974359
8,8,10,6,9,0,635,4,4,5,3,4,1,4677,23,27,,,32,55,3,2,,,6,6,3.909090909,4.36,,,4.333333333,5.038461538
10,2,9,7,4,1,637,5,3,3,3,3,3,4706,31,,19,,65,104,10,,7,,10,14,4.032258065,,3.631578947,,4.584615385,4.096153846
10,10,10,0,10,5,637,5,5,5,5,5,3,4690,22,,28,,72,60,7,,7,,5,6,4.272727273,,3.961538462,,4.420289855,4.366666667
10,3,9,3,9,0,637,5,4,5,4,4,3,4701,49,,63,,133,166,12,,9,,17,16,4.387755102,,3.714285714,,4.308270677,4.144578313
6,0,10,0,9,0,638,5,5,5,5,5,5,4698,32,9,35,,40,,6,4,7,,7,,4.4375,4.444444444,4.352941176,,4.567567568,
5,0,10,9,6,0,638,4,5,5,5,5,5,4702,40,32,41,,46,,7,7,9,,12,,5.384615385,3.9375,4.87804878,,4.543478261,
9,0,10,0,6,0,642,4,5,5,5,4,5,4735,,73,26,11,42,,,5,4,3,3,,,4.536231884,5.2,6,4.12195122,
0,4,8,5,4,8,642,4,3,4,4,3,4,4741,,17,4,2,11,,,5,1,2,3,,,4.176470588,4.5,2,4.090909091,
7,6,10,0,8,6,642,3,3,5,5,4,2,4740,,59,24,10,27,,,7,6,3,4,,,4.389830508,4.541666667,4.3,4,
0,6,0,3,5,1,644,5,5,5,4,2,5,4744,7,59,25,,,17,3,7,7,,,5,3.428571429,4.321428571,4.041666667,,,4.9375
0,7,1,4,2,1,644,5,4,5,4,3,5,4789,38,50,61,,,16,8,6,11,,,8,4.756756757,4.42,4.540983607,,,4.1875
0,1,10,0,0,2,645,5,5,5,5,4,5,4775,,,31,23,25,62,,,10,11,5,9,,,4.290322581,4.217391304,5.16,4.451612903
9,6,9,3,8,3,645,4,4,5,4,4,3,4803,,,48,58,92,70,,,9,11,6,10,,,4.673913043,4.155172414,4.736263736,4.447761194
0,1,0,7,10,3,646,5,5,5,5,5,5,4813,20,,,148,72,106,7,,,14,15,14,5.55,,,4.780821918,4.985915493,4.688679245
0,3,2,3,8,0,646,5,3,3,5,3,5,4814,47,,,125,106,57,12,,,16,18,10,4.191489362,,,4.596774194,4.392156863,4.526315789
0,5,10,3,7,10,646,5,3,5,5,4,5,4816,26,,,58,29,32,5,,,7,9,8,3.692307692,,,4.24137931,4.285714286,3.870967742
5,8,8,8,6,0,650,3,4,4,5,3,5,4857,64,68,,99,29,,13,15,,16,9,,4.53968254,3.852941176,,3.948979592,4.793103448,
2,4,2,5,4,0,650,3,3,3,3,3,5,4856,45,57,,84,22,,7,11,,11,4,,4.288888889,4.528301887,,4.597560976,4.333333333,
9,5,7,4,4,0,651,5,3,3,3,3,4,4861,7,,44,15,45,,4,,12,5,6,,4,,4.558139535,3.428571429,4.340909091,
9,6,8,3,4,0,651,5,4,5,5,3,5,4853,7,,11,13,13,,3,,5,4,4,,2.833333333,,4.625,4.5,4.272727273,
9,6,3,7,2,0,651,4,4,4,4,4,4,4855,5,,17,22,7,,4,,5,6,4,,4.8,,3.8125,4.5,4.142857143,
10,2,8,10,2,0,653,5,4,3,5,4,5,4872,66,,,64,51,53,9,,,8,6,6,4.365079365,,,3.796875,4.306122449,4.192307692
2,3,10,4,2,0,653,3,3,5,2,3,5,4888,109,,,48,52,22,12,,,8,8,6,4.509433962,,,4.4375,4.269230769,4.454545455
2,3,1,5,6,0,654,4,5,4,3,3,5,4880,106,53,,,32,33,13,9,,,6,6,4.00952381,3.653846154,,,3.838709677,4.242424242
10,5,9,2,10,1,657,5,5,5,5,5,5,4906,,,55,63,71,42,,,6,9,6,8,,,4.290909091,4.333333333,4.408450704,4.476190476
1,1,7,5,3,0,657,5,5,4,5,3,5,4908,,,52,88,56,18,,,3,7,5,4,,,4.28,4.337349398,4.351851852,4.125
1,3,8,8,9,3,657,2,3,3,3,4,3,4907,,,37,44,46,42,,,4,6,5,4,,,3.621621622,3.404761905,4.088888889,3.761904762
5,5,10,0,10,0,659,3,5,5,5,5,5,4915,,53,26,,61,49,,5,3,,7,4,,4.301886792,4.6,,3.833333333,4.829787234
6,7,7,7,4,1,659,3,4,4,4,4,5,4913,,102,138,,119,88,,13,13,,18,9,,5.12,4.25,,4.478632479,4.261363636
0,0,0,10,0,0,659,5,5,5,5,5,5,4916,,34,49,,66,51,,9,5,,10,8,,5.666666667,4.957446809,,5.045454545,4.8
10,10,8,4,0,1,661,4,5,4,4,5,5,4924,13,,15,5,57,,4,,4,4,10,,3.384615385,,4.6,3,4.01754386,
8,8,2,2,6,0,661,4,4,3,3,3,5,4927,26,,106,9,79,,3,,12,5,15,,4.307692308,,4.311320755,4.444444444,4.448717949,
9,4,8,2,9,7,661,5,5,3,5,4,4,4925,7,,33,18,91,,3,,4,4,13,,3.333333333,,4.3,3.777777778,4.91954023,
,,,,,,,,,,,,,209,57,25,85,,37,,8,3,6,,5,,4.327272727,4.24,4.404761905,,3.638888889,
,,,,,,,,,,,,,362,32,,43,22,33,,5,,3,2,4,,5,,5.279069767,5.136363636,5.212121212,
,,,,,,,,,,,,,475,78,,73,89,60,,9,,8,12,8,,4.311688312,,4.150684932,4.25,4.166666667,
,,,,,,,,,,,,,573,50,124,99,,99,,8,12,15,,12,,4.102040816,4.459677419,4.336734694,,4.387755102,
,,,,,,,,,,,,,696,31,36,,74,,43,6,9,,6,,9,4.290322581,4.6,,4.430555556,,4.261904762
,,,,,,,,,,,,,741,18,,99,65,,31,4,,11,5,,8,3.352941176,,4.693877551,4.276923077,,4.64516129
,,,,,,,,,,,,,821,,48,89,,88,87,,7,7,,7,7,,3.913043478,4.252873563,,4.574712644,4.954022989
,,,,,,,,,,,,,799,73,,,62,85,40,7,,,10,11,9,4.705882353,,,3.666666667,3.987179487,4.6875
,,,,,,,,,,,,,992,107,29,24,,,67,20,7,5,,,16,3.962616822,4.034482759,4.375,,,3.791044776
,,,,,,,,,,,,,977,,25,,30,15,20,,4,,7,5,4,,4.12,,3.366666667,4.333333333,3.9
,,,,,,,,,,,,,1079,69,,73,61,,61,11,,12,14,,11,4.507246377,,3.708333333,4.295081967,,4.573770492
,,,,,,,,,,,,,1426,76,,,83,65,74,12,,,15,13,15,3.847222222,,,4.139240506,4.614035088,4.362318841
,,,,,,,,,,,,,1608,,50,47,47,87,,,7,7,11,16,,,4.326530612,3.829787234,4.804347826,4.488372093,
,,,,,,,,,,,,,1623,,126,90,,65,138,,17,18,,13,18,,3.96031746,4.266666667,,4.138461538,4.195652174
,,,,,,,,,,,,,1526,,59,23,,4,4,,8,4,,2,1,,4.172413793,4.391304348,,2.5,2.75
,,,,,,,,,,,,,2067,,29,46,26,,30,,6,7,5,,6,,4.178571429,4.130434783,5.230769231,,4.482758621
,,,,,,,,,,,,,2081,51,77,,,30,60,11,12,,,7,16,4.235294118,4.350649351,,,3.933333333,4.116666667
,,,,,,,,,,,,,2026,46,20,8,,12,,13,7,2,,4,,4.634146341,5.277777778,3,,4,
,,,,,,,,,,,,,2157,74,44,,62,,50,5,5,,6,,11,4.225352113,4.23255814,,3.868852459,,3.897959184
,,,,,,,,,,,,,2399,115,,,86,66,66,13,,,8,8,19,4.123893805,,,4.517647059,4.560606061,3.893939394
,,,,,,,,,,,,,2469,8,15,,6,,13,2,4,,4,,2,3.375,3.733333333,,4,,3.692307692
,,,,,,,,,,,,,2470,84,59,,,79,19,12,7,,,16,7,4.333333333,3.881355932,,,4.164556962,4.105263158
,,,,,,,,,,,,,2510,,32,125,134,42,,,4,14,8,3,,,4.548387097,4.338709677,4.634328358,4.619047619,
,,,,,,,,,,,,,2643,,,54,71,56,40,,,10,13,10,17,,,3.981481481,4.342857143,3.818181818,4.4
,,,,,,,,,,,,,2712,,25,24,,34,47,,4,3,,6,10,,3.76,3.739130435,,4.235294118,3.808510638
,,,,,,,,,,,,,2758,57,,,40,20,43,12,,,13,7,15,4.403508772,,,4.05,3.65,4.674418605
,,,,,,,,,,,,,2778,27,,,,5,8,4,,,,2,2,4.925925926,,,,3.25,5.875
,,,,,,,,,,,,,2804,,79,,110,80,33,,9,,9,11,7,,4.164556962,,4.545454545,5.303797468,4.696969697
,,,,,,,,,,,,,2830,,48,,76,69,39,,10,,11,9,10,,4.255319149,,3.92,4.5,4.526315789
,,,,,,,,,,,,,2930,36,,1,14,18,,4,,1,3,3,,4.971428571,,1,3.428571429,3.888888889,
,,,,,,,,,,,,,2949,4,,3,6,6,,1,,1,2,2,,3.333333333,,2.333333333,3.5,3.8,
,,,,,,,,,,,,,2946,3,,3,,6,4,2,,2,,2,2,2.333333333,,1.666666667,,3,3.75
,,,,,,,,,,,,,2980,,11,6,19,7,,,5,2,4,2,,,4.363636364,3,3.166666667,3.142857143,
,,,,,,,,,,,,,3007,54,49,,30,,61,11,12,,7,,12,3.740740741,3.87755102,,3.933333333,,4.229508197
,,,,,,,,,,,,,3046,50,,,27,18,15,7,,,8,5,4,3.860465116,,,4.173913043,4.357142857,4.363636364
,,,,,,,,,,,,,3175,77,29,48,,70,,8,8,16,,11,,4.246753247,4.107142857,4.958333333,,3.869565217,
,,,,,,,,,,,,,3321,,50,29,,11,28,,10,8,,5,9,,4.040816327,3.896551724,,3.545454545,3.571428571
,,,,,,,,,,,,,3336,138,,131,33,,26,16,,8,8,,6,4.028985507,,4.603053435,3.96969697,,3.846153846
,,,,,,,,,,,,,3452,,,26,42,49,6,,,2,6,7,3,,,3.923076923,4.285714286,3.638297872,3.166666667
,,,,,,,,,,,,,3442,20,113,16,,34,,4,15,3,,5,,4.4,3.982142857,4.266666667,,2.939393939,
,,,,,,,,,,,,,3575,,,13,144,18,123,,,5,15,5,13,,,4.692307692,4.118881119,4.5,4.268292683
,,,,,,,,,,,,,3536,,,6,64,5,54,,,2,15,3,12,,,1.833333333,4.0625,4,4.37037037
,,,,,,,,,,,,,3622,,164,,29,58,96,,12,,4,5,12,,4.18902439,,4.344827586,4.25862069,4.5
,,,,,,,,,,,,,3600,46,,30,9,,14,6,,8,4,,5,3.826086957,,4.266666667,4,,4.357142857
,,,,,,,,,,,,,3759,58,56,,38,68,,10,14,,13,15,,4.714285714,4.363636364,,3.675675676,4.140625,
,,,,,,,,,,,,,3736,66,53,57,,51,,8,8,7,,7,,4.212121212,4.075471698,4.01754386,,4.764705882,
,,,,,,,,,,,,,3783,,38,67,16,,7,,11,10,3,,4,,4.527777778,4.447761194,5.4375,,5
,,,,,,,,,,,,,3841,,93,,123,142,96,,13,,18,15,17,,4.602272727,,4.737704918,4.730496454,4.436170213
,,,,,,,,,,,,,3877,,40,15,38,,55,,11,6,10,,16,,4.95,4.4,4.648648649,,4.833333333
,,,,,,,,,,,,,3882,,27,16,32,,59,,5,3,5,,10,,3.518518519,4.1875,3.35483871,,4.796610169
,,,,,,,,,,,,,3925,,30,77,21,87,,,5,11,4,10,,,4.586206897,4.077922078,3.761904762,4.942528736,
,,,,,,,,,,,,,3965,,55,134,58,83,,,8,11,9,12,,,4.277777778,4.340909091,4.696428571,4.7,
,,,,,,,,,,,,,4222,66,50,87,,55,,7,7,5,,6,,4.696969697,4.34,4.471264368,,4.781818182,
,,,,,,,,,,,,,4224,16,29,25,,71,,5,6,4,,7,,4,4.384615385,2.954545455,,4.196969697,
,,,,,,,,,,,,,4460,,72,,90,29,70,,8,,11,8,13,,4.069444444,,4.611111111,3.931034483,4.342857143
,,,,,,,,,,,,,4556,75,,50,36,,52,10,,7,10,,9,3.786666667,,4.104166667,3.942857143,,4.096153846
,,,,,,,,,,,,,4632,37,38,39,,,33,6,8,7,,,6,4.457142857,4.416666667,4.657894737,,,4.375
,,,,,,,,,,,,,4666,14,,20,,45,46,4,,3,,5,5,3.357142857,,3.65,,4.386363636,5.422222222
,,,,,,,,,,,,,4665,59,82,38,15,,,10,13,11,5,,,4.310344828,3.963414634,3.684210526,3.666666667,,
,,,,,,,,,,,,,4683,41,51,,,38,32,1,7,,,6,4,4.609756098,4.803921569,,,5.421052632,6.193548387
,,,,,,,,,,,,,4700,68,76,58,,55,,7,6,10,,12,,4.23880597,4.68,4.517241379,,4.648148148,
,,,,,,,,,,,,,4783,26,5,15,,,5,6,3,3,,,2,3.72,3.5,4.666666667,,,2.6
,,,,,,,,,,,,,4792,,,54,28,31,,,,8,7,5,,,,4.481481481,4.444444444,4.566666667,
,,,,,,,,,,,,,4862,72,62,,57,42,,11,19,,16,10,,4.289855072,4.322580645,,4.49122807,4.404761905,
,,,,,,,,,,,,,4890,24,,,9,11,11,9,,,5,5,4,3.5,,,4.111111111,3.181818182,3
,,,,,,,,,,,,,4889,60,29,,,6,23,8,4,,,2,4,4.566666667,3.785714286,,,3.333333333,3.826086957
,,,,,,,,,,,,,4874,25,18,,,14,10,7,4,,,3,3,3.76,3.722222222,,,4.357142857,4.2
